2025-10-02 14:57,Bowden Doors,55.585973,-1.888672,0.0,overcast clouds
2025-10-02 14:57,Kyloe in the Woods,55.640112,-1.925272,0.0,overcast clouds
2025-10-02 14:57,Shaftoe,55.128679,-1.921551,0.0,scattered clouds
2025-10-02 14:57,Hepburn,55.516013,-1.884369,0.0,overcast clouds
2025-10-02 14:57,Dumbarton Rock,55.937046,-4.56476,1.53,moderate rain
2025-10-05 10:21,Bowden Doors,55.585973,-1.888672,0,clear sky
2025-10-05 10:21,Kyloe in the Woods,55.640112,-1.925272,0,clear sky
2025-10-05 10:21,Shaftoe,55.128679,-1.921551,0,few clouds
2025-10-05 10:21,Hepburn,55.516013,-1.884369,0,clear sky
2025-10-05 10:21,Dumbarton Rock,55.937046,-4.56476,0,broken clouds
2025-10-05 12:18,Bowden Doors,55.585973,-1.888672,0,few clouds
2025-10-05 12:18,Kyloe in the Woods,55.640112,-1.925272,0,few clouds
2025-10-05 12:18,Shaftoe,55.128679,-1.921551,0,few clouds
2025-10-05 12:18,Hepburn,55.516013,-1.884369,0,few clouds
2025-10-05 12:18,Dumbarton Rock,55.937046,-4.56476,0,broken clouds
2025-10-05 15:09,Bowden Doors,55.585973,-1.888672,0,broken clouds
2025-10-05 15:09,Kyloe in the Woods,55.640112,-1.925272,0,broken clouds
2025-10-05 15:09,Shaftoe,55.128679,-1.921551,0,few clouds
2025-10-05 15:09,Hepburn,55.516013,-1.884369,0,overcast clouds
2025-10-05 15:09,Dumbarton Rock,55.937046,-4.56476,0,overcast clouds
2025-10-05 18:13,Bowden Doors,55.585973,-1.888672,0,overcast clouds
2025-10-05 18:13,Kyloe in the Woods,55.640112,-1.925272,0,overcast clouds
2025-10-05 18:13,Shaftoe,55.128679,-1.921551,0,scattered clouds
2025-10-05 18:13,Hepburn,55.516013,-1.884369,0,overcast clouds
2025-10-05 18:13,Dumbarton Rock,55.937046,-4.56476,0,overcast clouds
2025-10-05 21:08,Bowden Doors,55.585973,-1.888672,0,overcast clouds
2025-10-05 21:08,Kyloe in the Woods,55.640112,-1.925272,0,overcast clouds
2025-10-05 21:08,Shaftoe,55.128679,-1.921551,0,few clouds
2025-10-05 21:08,Hepburn,55.516013,-1.884369,0,overcast clouds
2025-10-05 21:08,Dumbarton Rock,55.937046,-4.56476,0,overcast clouds
2025-10-06 00:52,Bowden Doors,55.585973,-1.888672,3.17,moderate rain
2025-10-06 00:52,Kyloe in the Woods,55.640112,-1.925272,3.84,moderate rain
2025-10-06 00:52,Shaftoe,55.128679,-1.921551,0.73,moderate rain
2025-10-06 00:52,Hepburn,55.516013,-1.884369,3.01,moderate rain
2025-10-06 00:52,Dumbarton Rock,55.937046,-4.56476,0.0,overcast clouds
2025-10-06 03:29,Bowden Doors,55.585973,-1.888672,0,overcast clouds
2025-10-06 03:29,Kyloe in the Woods,55.640112,-1.925272,0,overcast clouds
2025-10-06 03:29,Shaftoe,55.128679,-1.921551,0,overcast clouds
2025-10-06 03:29,Hepburn,55.516013,-1.884369,0,overcast clouds
2025-10-06 03:29,Dumbarton Rock,55.937046,-4.56476,0,overcast clouds
2025-10-06 06:17,Bowden Doors,55.585973,-1.888672,0,broken clouds
2025-10-06 06:17,Kyloe in the Woods,55.640112,-1.925272,0,broken clouds
2025-10-06 06:17,Shaftoe,55.128679,-1.921551,0,overcast clouds
2025-10-06 06:17,Hepburn,55.516013,-1.884369,0,broken clouds
2025-10-06 06:17,Dumbarton Rock,55.937046,-4.56476,0,overcast clouds
2025-10-06 09:14,Bowden Doors,55.585973,-1.888672,0.0,scattered clouds
2025-10-06 09:14,Kyloe in the Woods,55.640112,-1.925272,0.0,scattered clouds
2025-10-06 09:14,Shaftoe,55.128679,-1.921551,0.0,broken clouds
2025-10-06 09:14,Hepburn,55.516013,-1.884369,0.0,scattered clouds
2025-10-06 09:14,Dumbarton Rock,55.937046,-4.56476,0.12,light rain
2025-10-06 12:21,Bowden Doors,55.585973,-1.888672,0,few clouds
2025-10-06 12:21,Kyloe in the Woods,55.640112,-1.925272,0,scattered clouds
2025-10-06 12:21,Shaftoe,55.128679,-1.921551,0,broken clouds
2025-10-06 12:21,Hepburn,55.516013,-1.884369,0,few clouds
2025-10-06 12:21,Dumbarton Rock,55.937046,-4.56476,0,haze
2025-10-06 15:11,Bowden Doors,55.585973,-1.888672,0,few clouds
2025-10-06 15:11,Kyloe in the Woods,55.640112,-1.925272,0,scattered clouds
2025-10-06 15:11,Shaftoe,55.128679,-1.921551,0,overcast clouds
2025-10-06 15:11,Hepburn,55.516013,-1.884369,0,few clouds
2025-10-06 15:11,Dumbarton Rock,55.937046,-4.56476,0,overcast clouds
2025-10-06 18:16,Bowden Doors,55.585973,-1.888672,0.0,scattered clouds
2025-10-06 18:16,Kyloe in the Woods,55.640112,-1.925272,0.0,broken clouds
2025-10-06 18:16,Shaftoe,55.128679,-1.921551,0.0,overcast clouds
2025-10-06 18:16,Hepburn,55.516013,-1.884369,0.0,scattered clouds
2025-10-06 18:16,Dumbarton Rock,55.937046,-4.56476,0.72,light rain
2025-10-06 21:09,Bowden Doors,55.585973,-1.888672,0.32,light rain
2025-10-06 21:09,Kyloe in the Woods,55.640112,-1.925272,0.0,overcast clouds
2025-10-06 21:09,Shaftoe,55.128679,-1.921551,0.24,light rain
2025-10-06 21:09,Hepburn,55.516013,-1.884369,0.24,light rain
2025-10-06 21:09,Dumbarton Rock,55.937046,-4.56476,1.54,moderate rain
2025-10-07 00:50,Bowden Doors,55.585973,-1.888672,0,overcast clouds
2025-10-07 00:50,Kyloe in the Woods,55.640112,-1.925272,0,overcast clouds
2025-10-07 00:50,Shaftoe,55.128679,-1.921551,0,clear sky
2025-10-07 00:50,Hepburn,55.516013,-1.884369,0,overcast clouds
2025-10-07 00:50,Dumbarton Rock,55.937046,-4.56476,0,scattered clouds
2025-10-07 03:24,Bowden Doors,55.585973,-1.888672,0.0,overcast clouds
2025-10-07 03:24,Kyloe in the Woods,55.640112,-1.925272,0.0,overcast clouds
2025-10-07 03:24,Shaftoe,55.128679,-1.921551,0.0,overcast clouds
2025-10-07 03:24,Hepburn,55.516013,-1.884369,0.0,overcast clouds
2025-10-07 03:24,Dumbarton Rock,55.937046,-4.56476,0.37,light rain
2025-10-07 06:17,Bowden Doors,55.585973,-1.888672,0,overcast clouds
2025-10-07 06:17,Kyloe in the Woods,55.640112,-1.925272,0,overcast clouds
2025-10-07 06:17,Shaftoe,55.128679,-1.921551,0,clear sky
2025-10-07 06:17,Hepburn,55.516013,-1.884369,0,overcast clouds
2025-10-07 06:17,Dumbarton Rock,55.937046,-4.56476,0,overcast clouds
2025-10-07 09:12,Bowden Doors,55.585973,-1.888672,0,overcast clouds
2025-10-07 09:12,Kyloe in the Woods,55.640112,-1.925272,0,overcast clouds
2025-10-07 09:12,Shaftoe,55.128679,-1.921551,0,few clouds
2025-10-07 09:12,Hepburn,55.516013,-1.884369,0,overcast clouds
2025-10-07 09:12,Dumbarton Rock,55.937046,-4.56476,0,haze
2025-10-07 12:22,Bowden Doors,55.585973,-1.888672,0.0,overcast clouds
2025-10-07 12:22,Kyloe in the Woods,55.640112,-1.925272,0.0,overcast clouds
2025-10-07 12:22,Shaftoe,55.128679,-1.921551,0.0,overcast clouds
2025-10-07 12:22,Hepburn,55.516013,-1.884369,0.0,overcast clouds
2025-10-07 12:22,Dumbarton Rock,55.937046,-4.56476,0.12,light rain
2025-10-07 15:12,Bowden Doors,55.585973,-1.888672,0,overcast clouds
2025-10-07 15:12,Kyloe in the Woods,55.640112,-1.925272,0,overcast clouds
2025-10-07 15:12,Shaftoe,55.128679,-1.921551,0,scattered clouds
2025-10-07 15:12,Hepburn,55.516013,-1.884369,0,overcast clouds
2025-10-07 15:12,Dumbarton Rock,55.937046,-4.56476,0,overcast clouds
2025-10-07 18:16,Bowden Doors,55.585973,-1.888672,0,overcast clouds
2025-10-07 18:16,Kyloe in the Woods,55.640112,-1.925272,0,overcast clouds
2025-10-07 18:16,Shaftoe,55.128679,-1.921551,0,overcast clouds
2025-10-07 18:16,Hepburn,55.516013,-1.884369,0,overcast clouds
2025-10-07 18:16,Dumbarton Rock,55.937046,-4.56476,0,broken clouds
2025-10-07 21:09,Bowden Doors,55.585973,-1.888672,0,scattered clouds
2025-10-07 21:09,Kyloe in the Woods,55.640112,-1.925272,0,scattered clouds
2025-10-07 21:09,Shaftoe,55.128679,-1.921551,0,broken clouds
2025-10-07 21:09,Hepburn,55.516013,-1.884369,0,broken clouds
2025-10-07 21:09,Dumbarton Rock,55.937046,-4.56476,0,overcast clouds
2025-10-08 00:49,Bowden Doors,55.585973,-1.888672,0,clear sky
2025-10-08 00:49,Kyloe in the Woods,55.640112,-1.925272,0,clear sky
2025-10-08 00:49,Shaftoe,55.128679,-1.921551,0,broken clouds
2025-10-08 00:49,Hepburn,55.516013,-1.884369,0,clear sky
2025-10-08 00:49,Dumbarton Rock,55.937046,-4.56476,0,overcast clouds
2025-10-08 03:24,Bowden Doors,55.585973,-1.888672,0,clear sky
2025-10-08 03:24,Kyloe in the Woods,55.640112,-1.925272,0,clear sky
2025-10-08 03:24,Shaftoe,55.128679,-1.921551,0,overcast clouds
2025-10-08 03:24,Hepburn,55.516013,-1.884369,0,clear sky
2025-10-08 03:24,Dumbarton Rock,55.937046,-4.56476,0,overcast clouds
2025-10-08 06:17,Bowden Doors,55.585973,-1.888672,0.0,few clouds
2025-10-08 06:17,Kyloe in the Woods,55.640112,-1.925272,0.0,few clouds
2025-10-08 06:17,Shaftoe,55.128679,-1.921551,0.0,scattered clouds
2025-10-08 06:17,Hepburn,55.516013,-1.884369,0.0,few clouds
2025-10-08 06:17,Dumbarton Rock,55.937046,-4.56476,0.14,light rain
2025-10-08 09:12,Bowden Doors,55.585973,-1.888672,0,broken clouds
2025-10-08 09:12,Kyloe in the Woods,55.640112,-1.925272,0,broken clouds
2025-10-08 09:12,Shaftoe,55.128679,-1.921551,0,few clouds
2025-10-08 09:12,Hepburn,55.516013,-1.884369,0,broken clouds
2025-10-08 09:12,Dumbarton Rock,55.937046,-4.56476,0,broken clouds
2025-10-08 12:22,Bowden Doors,55.585973,-1.888672,0,broken clouds
2025-10-08 12:22,Kyloe in the Woods,55.640112,-1.925272,0,broken clouds
2025-10-08 12:22,Shaftoe,55.128679,-1.921551,0,broken clouds
2025-10-08 12:22,Hepburn,55.516013,-1.884369,0,broken clouds
2025-10-08 12:22,Dumbarton Rock,55.937046,-4.56476,0,overcast clouds
2025-10-08 15:11,Bowden Doors,55.585973,-1.888672,0,broken clouds
2025-10-08 15:11,Kyloe in the Woods,55.640112,-1.925272,0,broken clouds
2025-10-08 15:11,Shaftoe,55.128679,-1.921551,0,few clouds
2025-10-08 15:11,Hepburn,55.516013,-1.884369,0,broken clouds
2025-10-08 15:11,Dumbarton Rock,55.937046,-4.56476,0,overcast clouds
2025-10-08 18:16,Bowden Doors,55.585973,-1.888672,0,broken clouds
2025-10-08 18:16,Kyloe in the Woods,55.640112,-1.925272,0,broken clouds
2025-10-08 18:16,Shaftoe,55.128679,-1.921551,0,clear sky
2025-10-08 18:16,Hepburn,55.516013,-1.884369,0,broken clouds
2025-10-08 18:16,Dumbarton Rock,55.937046,-4.56476,0,overcast clouds
2025-10-08 21:10,Bowden Doors,55.585973,-1.888672,0,broken clouds
2025-10-08 21:10,Kyloe in the Woods,55.640112,-1.925272,0,broken clouds
2025-10-08 21:10,Shaftoe,55.128679,-1.921551,0,few clouds
2025-10-08 21:10,Hepburn,55.516013,-1.884369,0,broken clouds
2025-10-08 21:10,Dumbarton Rock,55.937046,-4.56476,0,overcast clouds
2025-10-09 00:51,Bowden Doors,55.585973,-1.888672,0,overcast clouds
2025-10-09 00:51,Kyloe in the Woods,55.640112,-1.925272,0,overcast clouds
2025-10-09 00:51,Shaftoe,55.128679,-1.921551,0,broken clouds
2025-10-09 00:51,Hepburn,55.516013,-1.884369,0,overcast clouds
2025-10-09 00:51,Dumbarton Rock,55.937046,-4.56476,0,overcast clouds
2025-10-09 03:27,Bowden Doors,55.585973,-1.888672,0,overcast clouds
2025-10-09 03:27,Kyloe in the Woods,55.640112,-1.925272,0,overcast clouds
2025-10-09 03:27,Shaftoe,55.128679,-1.921551,0,broken clouds
2025-10-09 03:27,Hepburn,55.516013,-1.884369,0,overcast clouds
2025-10-09 03:27,Dumbarton Rock,55.937046,-4.56476,0,overcast clouds
2025-10-09 06:17,Bowden Doors,55.585973,-1.888672,0,overcast clouds
2025-10-09 06:17,Kyloe in the Woods,55.640112,-1.925272,0,overcast clouds
2025-10-09 06:17,Shaftoe,55.128679,-1.921551,0,scattered clouds
2025-10-09 06:17,Hepburn,55.516013,-1.884369,0,overcast clouds
2025-10-09 06:17,Dumbarton Rock,55.937046,-4.56476,0,overcast clouds
2025-10-09 09:12,Bowden Doors,55.585973,-1.888672,0,overcast clouds
2025-10-09 09:12,Kyloe in the Woods,55.640112,-1.925272,0,overcast clouds
2025-10-09 09:12,Shaftoe,55.128679,-1.921551,0,broken clouds
2025-10-09 09:12,Hepburn,55.516013,-1.884369,0,overcast clouds
2025-10-09 09:12,Dumbarton Rock,55.937046,-4.56476,0,scattered clouds
2025-10-09 12:21,Bowden Doors,55.585973,-1.888672,0,overcast clouds
2025-10-09 12:21,Kyloe in the Woods,55.640112,-1.925272,0,overcast clouds
2025-10-09 12:21,Shaftoe,55.128679,-1.921551,0,broken clouds
2025-10-09 12:21,Hepburn,55.516013,-1.884369,0,overcast clouds
2025-10-09 12:21,Dumbarton Rock,55.937046,-4.56476,0,scattered clouds
2025-10-09 15:27,Bowden Doors,55.585973,-1.888672,0,broken clouds
2025-10-09 15:27,Kyloe in the Woods,55.640112,-1.925272,0,broken clouds
2025-10-09 15:27,Shaftoe,55.128679,-1.921551,0,few clouds
2025-10-09 15:27,Hepburn,55.516013,-1.884369,0,broken clouds
2025-10-09 15:27,Dumbarton Rock,55.937046,-4.56476,0,scattered clouds
2025-10-09 18:15,Bowden Doors,55.585973,-1.888672,0,broken clouds
2025-10-09 18:15,Kyloe in the Woods,55.640112,-1.925272,0,broken clouds
2025-10-09 18:15,Shaftoe,55.128679,-1.921551,0,clear sky
2025-10-09 18:15,Hepburn,55.516013,-1.884369,0,broken clouds
2025-10-09 18:15,Dumbarton Rock,55.937046,-4.56476,0,overcast clouds
2025-10-09 21:10,Bowden Doors,55.585973,-1.888672,0,few clouds
2025-10-09 21:10,Kyloe in the Woods,55.640112,-1.925272,0,few clouds
2025-10-09 21:10,Shaftoe,55.128679,-1.921551,0,clear sky
2025-10-09 21:10,Hepburn,55.516013,-1.884369,0,clear sky
2025-10-09 21:10,Dumbarton Rock,55.937046,-4.56476,0,overcast clouds
2025-10-10 00:50,Bowden Doors,55.585973,-1.888672,0,clear sky
2025-10-10 00:50,Kyloe in the Woods,55.640112,-1.925272,0,clear sky
2025-10-10 00:50,Shaftoe,55.128679,-1.921551,0,clear sky
2025-10-10 00:50,Hepburn,55.516013,-1.884369,0,clear sky
2025-10-10 00:50,Dumbarton Rock,55.937046,-4.56476,0,broken clouds
2025-10-10 03:27,Bowden Doors,55.585973,-1.888672,0,few clouds
2025-10-10 03:27,Kyloe in the Woods,55.640112,-1.925272,0,few clouds
2025-10-10 03:27,Shaftoe,55.128679,-1.921551,0,broken clouds
2025-10-10 03:27,Hepburn,55.516013,-1.884369,0,few clouds
2025-10-10 03:27,Dumbarton Rock,55.937046,-4.56476,0,overcast clouds
2025-10-10 06:17,Bowden Doors,55.585973,-1.888672,0,scattered clouds
2025-10-10 06:17,Kyloe in the Woods,55.640112,-1.925272,0,scattered clouds
2025-10-10 06:17,Shaftoe,55.128679,-1.921551,0,broken clouds
2025-10-10 06:17,Hepburn,55.516013,-1.884369,0,scattered clouds
2025-10-10 06:17,Dumbarton Rock,55.937046,-4.56476,0,overcast clouds
2025-10-10 09:12,Bowden Doors,55.585973,-1.888672,0,clear sky
2025-10-10 09:12,Kyloe in the Woods,55.640112,-1.925272,0,clear sky
2025-10-10 09:12,Shaftoe,55.128679,-1.921551,0,scattered clouds
2025-10-10 09:12,Hepburn,55.516013,-1.884369,0,few clouds
2025-10-10 09:12,Dumbarton Rock,55.937046,-4.56476,0,broken clouds
2025-10-10 12:22,Bowden Doors,55.585973,-1.888672,0,few clouds
2025-10-10 12:22,Kyloe in the Woods,55.640112,-1.925272,0,few clouds
2025-10-10 12:22,Shaftoe,55.128679,-1.921551,0,scattered clouds
2025-10-10 12:22,Hepburn,55.516013,-1.884369,0,scattered clouds
2025-10-10 12:22,Dumbarton Rock,55.937046,-4.56476,0,broken clouds
2025-10-10 15:11,Bowden Doors,55.585973,-1.888672,0,overcast clouds
2025-10-10 15:11,Kyloe in the Woods,55.640112,-1.925272,0,overcast clouds
2025-10-10 15:11,Shaftoe,55.128679,-1.921551,0,few clouds
2025-10-10 15:11,Hepburn,55.516013,-1.884369,0,overcast clouds
2025-10-10 15:11,Dumbarton Rock,55.937046,-4.56476,0,overcast clouds
2025-10-10 18:16,Bowden Doors,55.585973,-1.888672,0,broken clouds
2025-10-10 18:16,Kyloe in the Woods,55.640112,-1.925272,0,broken clouds
2025-10-10 18:16,Shaftoe,55.128679,-1.921551,0,broken clouds
2025-10-10 18:16,Hepburn,55.516013,-1.884369,0,broken clouds
2025-10-10 18:16,Dumbarton Rock,55.937046,-4.56476,0,scattered clouds
2025-10-10 21:09,Bowden Doors,55.585973,-1.888672,0,clear sky
2025-10-10 21:09,Kyloe in the Woods,55.640112,-1.925272,0,clear sky
2025-10-10 21:09,Shaftoe,55.128679,-1.921551,0,clear sky
2025-10-10 21:09,Hepburn,55.516013,-1.884369,0,clear sky
2025-10-10 21:09,Dumbarton Rock,55.937046,-4.56476,0,broken clouds
2025-10-11 00:47,Bowden Doors,55.585973,-1.888672,0,broken clouds
2025-10-11 00:47,Kyloe in the Woods,55.640112,-1.925272,0,broken clouds
2025-10-11 00:47,Shaftoe,55.128679,-1.921551,0,clear sky
2025-10-11 00:47,Hepburn,55.516013,-1.884369,0,overcast clouds
2025-10-11 00:47,Dumbarton Rock,55.937046,-4.56476,0,broken clouds
2025-10-11 03:20,Bowden Doors,55.585973,-1.888672,0,broken clouds
2025-10-11 03:20,Kyloe in the Woods,55.640112,-1.925272,0,broken clouds
2025-10-11 03:20,Shaftoe,55.128679,-1.921551,0,broken clouds
2025-10-11 03:20,Hepburn,55.516013,-1.884369,0,broken clouds
2025-10-11 03:20,Dumbarton Rock,55.937046,-4.56476,0,overcast clouds
2025-10-11 06:14,Bowden Doors,55.585973,-1.888672,0,broken clouds
2025-10-11 06:14,Kyloe in the Woods,55.640112,-1.925272,0,broken clouds
2025-10-11 06:14,Shaftoe,55.128679,-1.921551,0,broken clouds
2025-10-11 06:14,Hepburn,55.516013,-1.884369,0,broken clouds
2025-10-11 06:14,Dumbarton Rock,55.937046,-4.56476,0,overcast clouds
2025-10-11 09:09,Bowden Doors,55.585973,-1.888672,0,overcast clouds
2025-10-11 09:09,Kyloe in the Woods,55.640112,-1.925272,0,overcast clouds
2025-10-11 09:09,Shaftoe,55.128679,-1.921551,0,few clouds
2025-10-11 09:09,Hepburn,55.516013,-1.884369,0,overcast clouds
2025-10-11 09:09,Dumbarton Rock,55.937046,-4.56476,0,broken clouds
2025-10-11 12:18,Bowden Doors,55.585973,-1.888672,0,overcast clouds
2025-10-11 12:18,Kyloe in the Woods,55.640112,-1.925272,0,overcast clouds
2025-10-11 12:18,Shaftoe,55.128679,-1.921551,0,few clouds
2025-10-11 12:18,Hepburn,55.516013,-1.884369,0,overcast clouds
2025-10-11 12:18,Dumbarton Rock,55.937046,-4.56476,0,broken clouds
2025-10-11 15:09,Bowden Doors,55.585973,-1.888672,0,broken clouds
2025-10-11 15:09,Kyloe in the Woods,55.640112,-1.925272,0,broken clouds
2025-10-11 15:09,Shaftoe,55.128679,-1.921551,0,scattered clouds
2025-10-11 15:09,Hepburn,55.516013,-1.884369,0,broken clouds
2025-10-11 15:09,Dumbarton Rock,55.937046,-4.56476,0,overcast clouds
2025-10-11 18:12,Bowden Doors,55.585973,-1.888672,0,broken clouds
2025-10-11 18:12,Kyloe in the Woods,55.640112,-1.925272,0,broken clouds
2025-10-11 18:12,Shaftoe,55.128679,-1.921551,0,clear sky
2025-10-11 18:12,Hepburn,55.516013,-1.884369,0,broken clouds
2025-10-11 18:12,Dumbarton Rock,55.937046,-4.56476,0,overcast clouds
2025-10-11 21:08,Bowden Doors,55.585973,-1.888672,0,broken clouds
2025-10-11 21:08,Kyloe in the Woods,55.640112,-1.925272,0,broken clouds
2025-10-11 21:08,Shaftoe,55.128679,-1.921551,0,clear sky
2025-10-11 21:08,Hepburn,55.516013,-1.884369,0,broken clouds
2025-10-11 21:08,Dumbarton Rock,55.937046,-4.56476,0,overcast clouds
2025-10-12 00:53,Bowden Doors,55.585973,-1.888672,0,overcast clouds
2025-10-12 00:53,Kyloe in the Woods,55.640112,-1.925272,0,overcast clouds
2025-10-12 00:53,Shaftoe,55.128679,-1.921551,0,mist
2025-10-12 00:53,Hepburn,55.516013,-1.884369,0,overcast clouds
2025-10-12 00:53,Dumbarton Rock,55.937046,-4.56476,0,overcast clouds
2025-10-12 03:28,Bowden Doors,55.585973,-1.888672,0,scattered clouds
2025-10-12 03:28,Kyloe in the Woods,55.640112,-1.925272,0,scattered clouds
2025-10-12 03:28,Shaftoe,55.128679,-1.921551,0,overcast clouds
2025-10-12 03:28,Hepburn,55.516013,-1.884369,0,scattered clouds
2025-10-12 03:28,Dumbarton Rock,55.937046,-4.56476,0,overcast clouds
2025-10-12 06:15,Bowden Doors,55.585973,-1.888672,0,scattered clouds
2025-10-12 06:15,Kyloe in the Woods,55.640112,-1.925272,0,scattered clouds
2025-10-12 06:15,Shaftoe,55.128679,-1.921551,0,fog
2025-10-12 06:15,Hepburn,55.516013,-1.884369,0,scattered clouds
2025-10-12 06:15,Dumbarton Rock,55.937046,-4.56476,0,overcast clouds
2025-10-12 09:10,Bowden Doors,55.585973,-1.888672,0,few clouds
2025-10-12 09:10,Kyloe in the Woods,55.640112,-1.925272,0,few clouds
2025-10-12 09:10,Shaftoe,55.128679,-1.921551,0,fog
2025-10-12 09:10,Hepburn,55.516013,-1.884369,0,few clouds
2025-10-12 09:10,Dumbarton Rock,55.937046,-4.56476,0,overcast clouds
2025-10-12 12:18,Bowden Doors,55.585973,-1.888672,0,few clouds
2025-10-12 12:18,Kyloe in the Woods,55.640112,-1.925272,0,few clouds
2025-10-12 12:18,Shaftoe,55.128679,-1.921551,0,scattered clouds
2025-10-12 12:18,Hepburn,55.516013,-1.884369,0,few clouds
2025-10-12 12:18,Dumbarton Rock,55.937046,-4.56476,0,overcast clouds
2025-10-12 15:09,Bowden Doors,55.585973,-1.888672,0,few clouds
2025-10-12 15:09,Kyloe in the Woods,55.640112,-1.925272,0,few clouds
2025-10-12 15:09,Shaftoe,55.128679,-1.921551,0,few clouds
2025-10-12 15:09,Hepburn,55.516013,-1.884369,0,few clouds
2025-10-12 15:09,Dumbarton Rock,55.937046,-4.56476,0,broken clouds
2025-10-12 18:13,Bowden Doors,55.585973,-1.888672,0,few clouds
2025-10-12 18:13,Kyloe in the Woods,55.640112,-1.925272,0,few clouds
2025-10-12 18:13,Shaftoe,55.128679,-1.921551,0,mist
2025-10-12 18:13,Hepburn,55.516013,-1.884369,0,few clouds
2025-10-12 18:13,Dumbarton Rock,55.937046,-4.56476,0,overcast clouds
2025-10-12 21:08,Bowden Doors,55.585973,-1.888672,0,scattered clouds
2025-10-12 21:08,Kyloe in the Woods,55.640112,-1.925272,0,scattered clouds
2025-10-12 21:08,Shaftoe,55.128679,-1.921551,0,overcast clouds
2025-10-12 21:08,Hepburn,55.516013,-1.884369,0,scattered clouds
2025-10-12 21:08,Dumbarton Rock,55.937046,-4.56476,0,mist
2025-10-13 00:54,Bowden Doors,55.585973,-1.888672,0,broken clouds
2025-10-13 00:54,Kyloe in the Woods,55.640112,-1.925272,0,broken clouds
2025-10-13 00:54,Shaftoe,55.128679,-1.921551,0,mist
2025-10-13 00:54,Hepburn,55.516013,-1.884369,0,broken clouds
2025-10-13 00:54,Dumbarton Rock,55.937046,-4.56476,0,mist
2025-10-13 03:37,Bowden Doors,55.585973,-1.888672,0,scattered clouds
2025-10-13 03:37,Kyloe in the Woods,55.640112,-1.925272,0,scattered clouds
2025-10-13 03:37,Shaftoe,55.128679,-1.921551,0,mist
2025-10-13 03:37,Hepburn,55.516013,-1.884369,0,scattered clouds
2025-10-13 03:37,Dumbarton Rock,55.937046,-4.56476,0,mist
2025-10-13 06:18,Bowden Doors,55.585973,-1.888672,0,scattered clouds
2025-10-13 06:18,Kyloe in the Woods,55.640112,-1.925272,0,scattered clouds
2025-10-13 06:18,Shaftoe,55.128679,-1.921551,0,few clouds
2025-10-13 06:18,Hepburn,55.516013,-1.884369,0,scattered clouds
2025-10-13 06:18,Dumbarton Rock,55.937046,-4.56476,0,overcast clouds
2025-10-13 09:14,Bowden Doors,55.585973,-1.888672,0,few clouds
2025-10-13 09:14,Kyloe in the Woods,55.640112,-1.925272,0,clear sky
2025-10-13 09:14,Shaftoe,55.128679,-1.921551,0,mist
2025-10-13 09:14,Hepburn,55.516013,-1.884369,0,few clouds
2025-10-13 09:14,Dumbarton Rock,55.937046,-4.56476,0,mist
2025-10-13 12:21,Bowden Doors,55.585973,-1.888672,0,few clouds
2025-10-13 12:21,Kyloe in the Woods,55.640112,-1.925272,0,clear sky
2025-10-13 12:21,Shaftoe,55.128679,-1.921551,0,clear sky
2025-10-13 12:21,Hepburn,55.516013,-1.884369,0,few clouds
2025-10-13 12:21,Dumbarton Rock,55.937046,-4.56476,0,overcast clouds
2025-10-13 15:11,Bowden Doors,55.585973,-1.888672,0,scattered clouds
2025-10-13 15:11,Kyloe in the Woods,55.640112,-1.925272,0,scattered clouds
2025-10-13 15:11,Shaftoe,55.128679,-1.921551,0,few clouds
2025-10-13 15:11,Hepburn,55.516013,-1.884369,0,scattered clouds
2025-10-13 15:11,Dumbarton Rock,55.937046,-4.56476,0,overcast clouds
2025-10-13 18:15,Bowden Doors,55.585973,-1.888672,0,scattered clouds
2025-10-13 18:15,Kyloe in the Woods,55.640112,-1.925272,0,scattered clouds
2025-10-13 18:15,Shaftoe,55.128679,-1.921551,0,clear sky
2025-10-13 18:15,Hepburn,55.516013,-1.884369,0,scattered clouds
2025-10-13 18:15,Dumbarton Rock,55.937046,-4.56476,0,overcast clouds
2025-10-13 21:09,Bowden Doors,55.585973,-1.888672,0,broken clouds
2025-10-13 21:09,Kyloe in the Woods,55.640112,-1.925272,0,broken clouds
2025-10-13 21:09,Shaftoe,55.128679,-1.921551,0,fog
2025-10-13 21:09,Hepburn,55.516013,-1.884369,0,broken clouds
2025-10-13 21:09,Dumbarton Rock,55.937046,-4.56476,0,light intensity drizzle
2025-10-14 00:51,Bowden Doors,55.585973,-1.888672,0,overcast clouds
2025-10-14 00:51,Kyloe in the Woods,55.640112,-1.925272,0,overcast clouds
2025-10-14 00:51,Shaftoe,55.128679,-1.921551,0,overcast clouds
2025-10-14 00:51,Hepburn,55.516013,-1.884369,0,overcast clouds
2025-10-14 00:51,Dumbarton Rock,55.937046,-4.56476,0,mist
2025-10-14 03:28,Bowden Doors,55.585973,-1.888672,0,overcast clouds
2025-10-14 03:28,Kyloe in the Woods,55.640112,-1.925272,0,overcast clouds
2025-10-14 03:28,Shaftoe,55.128679,-1.921551,0,mist
2025-10-14 03:28,Hepburn,55.516013,-1.884369,0,overcast clouds
2025-10-14 03:28,Dumbarton Rock,55.937046,-4.56476,0,overcast clouds
2025-10-14 06:17,Bowden Doors,55.585973,-1.888672,0,overcast clouds
2025-10-14 06:17,Kyloe in the Woods,55.640112,-1.925272,0,overcast clouds
2025-10-14 06:17,Shaftoe,55.128679,-1.921551,0,mist
2025-10-14 06:17,Hepburn,55.516013,-1.884369,0,overcast clouds
2025-10-14 06:17,Dumbarton Rock,55.937046,-4.56476,0,mist
2025-10-14 09:12,Bowden Doors,55.585973,-1.888672,0,overcast clouds
2025-10-14 09:12,Kyloe in the Woods,55.640112,-1.925272,0,overcast clouds
2025-10-14 09:12,Shaftoe,55.128679,-1.921551,0,broken clouds
2025-10-14 09:12,Hepburn,55.516013,-1.884369,0,overcast clouds
2025-10-14 09:12,Dumbarton Rock,55.937046,-4.56476,0,mist
2025-10-14 12:22,Bowden Doors,55.585973,-1.888672,0,overcast clouds
2025-10-14 12:22,Kyloe in the Woods,55.640112,-1.925272,0,overcast clouds
2025-10-14 12:22,Shaftoe,55.128679,-1.921551,0,broken clouds
2025-10-14 12:22,Hepburn,55.516013,-1.884369,0,overcast clouds
2025-10-14 12:22,Dumbarton Rock,55.937046,-4.56476,0,overcast clouds
2025-10-14 15:12,Bowden Doors,55.585973,-1.888672,0,overcast clouds
2025-10-14 15:12,Kyloe in the Woods,55.640112,-1.925272,0,overcast clouds
2025-10-14 15:12,Shaftoe,55.128679,-1.921551,0,broken clouds
2025-10-14 15:12,Hepburn,55.516013,-1.884369,0,overcast clouds
2025-10-14 15:12,Dumbarton Rock,55.937046,-4.56476,0,overcast clouds
2025-10-14 18:16,Bowden Doors,55.585973,-1.888672,0,broken clouds
2025-10-14 18:16,Kyloe in the Woods,55.640112,-1.925272,0,broken clouds
2025-10-14 18:16,Shaftoe,55.128679,-1.921551,0,broken clouds
2025-10-14 18:16,Hepburn,55.516013,-1.884369,0,broken clouds
2025-10-14 18:16,Dumbarton Rock,55.937046,-4.56476,0,overcast clouds
2025-10-14 21:10,Bowden Doors,55.585973,-1.888672,0,broken clouds
2025-10-14 21:10,Kyloe in the Woods,55.640112,-1.925272,0,broken clouds
2025-10-14 21:10,Shaftoe,55.128679,-1.921551,0,broken clouds
2025-10-14 21:10,Hepburn,55.516013,-1.884369,0,broken clouds
2025-10-14 21:10,Dumbarton Rock,55.937046,-4.56476,0,overcast clouds
2025-10-15 00:52,Bowden Doors,55.585973,-1.888672,0,overcast clouds
2025-10-15 00:52,Kyloe in the Woods,55.640112,-1.925272,0,overcast clouds
2025-10-15 00:52,Shaftoe,55.128679,-1.921551,0,overcast clouds
2025-10-15 00:52,Hepburn,55.516013,-1.884369,0,broken clouds
2025-10-15 00:52,Dumbarton Rock,55.937046,-4.56476,0,overcast clouds
2025-10-15 03:32,Bowden Doors,55.585973,-1.888672,0,overcast clouds
2025-10-15 03:32,Kyloe in the Woods,55.640112,-1.925272,0,overcast clouds
2025-10-15 03:32,Shaftoe,55.128679,-1.921551,0,overcast clouds
2025-10-15 03:32,Hepburn,55.516013,-1.884369,0,overcast clouds
2025-10-15 03:32,Dumbarton Rock,55.937046,-4.56476,0,overcast clouds
2025-10-15 06:17,Bowden Doors,55.585973,-1.888672,0,overcast clouds
2025-10-15 06:17,Kyloe in the Woods,55.640112,-1.925272,0,overcast clouds
2025-10-15 06:17,Shaftoe,55.128679,-1.921551,0,overcast clouds
2025-10-15 06:17,Hepburn,55.516013,-1.884369,0,overcast clouds
2025-10-15 06:17,Dumbarton Rock,55.937046,-4.56476,0,overcast clouds
2025-10-15 09:12,Bowden Doors,55.585973,-1.888672,0,overcast clouds
2025-10-15 09:12,Kyloe in the Woods,55.640112,-1.925272,0,overcast clouds
2025-10-15 09:12,Shaftoe,55.128679,-1.921551,0,broken clouds
2025-10-15 09:12,Hepburn,55.516013,-1.884369,0,overcast clouds
2025-10-15 09:12,Dumbarton Rock,55.937046,-4.56476,0,overcast clouds
2025-10-15 12:23,Bowden Doors,55.585973,-1.888672,0,overcast clouds
2025-10-15 12:23,Kyloe in the Woods,55.640112,-1.925272,0,overcast clouds
2025-10-15 12:23,Shaftoe,55.128679,-1.921551,0,broken clouds
2025-10-15 12:23,Hepburn,55.516013,-1.884369,0,overcast clouds
2025-10-15 12:23,Dumbarton Rock,55.937046,-4.56476,0,overcast clouds
2025-10-15 15:11,Bowden Doors,55.585973,-1.888672,0,broken clouds
2025-10-15 15:11,Kyloe in the Woods,55.640112,-1.925272,0,broken clouds
2025-10-15 15:11,Shaftoe,55.128679,-1.921551,0,broken clouds
2025-10-15 15:11,Hepburn,55.516013,-1.884369,0,broken clouds
2025-10-15 15:11,Dumbarton Rock,55.937046,-4.56476,0,overcast clouds
2025-10-15 18:16,Bowden Doors,55.585973,-1.888672,0,scattered clouds
2025-10-15 18:16,Kyloe in the Woods,55.640112,-1.925272,0,scattered clouds
2025-10-15 18:16,Shaftoe,55.128679,-1.921551,0,broken clouds
2025-10-15 18:16,Hepburn,55.516013,-1.884369,0,scattered clouds
2025-10-15 18:16,Dumbarton Rock,55.937046,-4.56476,0,overcast clouds
2025-10-15 21:10,Bowden Doors,55.585973,-1.888672,0,clear sky
2025-10-15 21:10,Kyloe in the Woods,55.640112,-1.925272,0,clear sky
2025-10-15 21:10,Shaftoe,55.128679,-1.921551,0,broken clouds
2025-10-15 21:10,Hepburn,55.516013,-1.884369,0,clear sky
2025-10-15 21:10,Dumbarton Rock,55.937046,-4.56476,0,overcast clouds
2025-10-16 00:52,Bowden Doors,55.585973,-1.888672,0,clear sky
2025-10-16 00:52,Kyloe in the Woods,55.640112,-1.925272,0,clear sky
2025-10-16 00:52,Shaftoe,55.128679,-1.921551,0,few clouds
2025-10-16 00:52,Hepburn,55.516013,-1.884369,0,clear sky
2025-10-16 00:52,Dumbarton Rock,55.937046,-4.56476,0,overcast clouds
2025-10-16 03:31,Bowden Doors,55.585973,-1.888672,0,clear sky
2025-10-16 03:31,Kyloe in the Woods,55.640112,-1.925272,0,clear sky
2025-10-16 03:31,Shaftoe,55.128679,-1.921551,0,overcast clouds
2025-10-16 03:31,Hepburn,55.516013,-1.884369,0,clear sky
2025-10-16 03:31,Dumbarton Rock,55.937046,-4.56476,0,overcast clouds
2025-10-16 06:17,Bowden Doors,55.585973,-1.888672,0,clear sky
2025-10-16 06:17,Kyloe in the Woods,55.640112,-1.925272,0,clear sky
2025-10-16 06:17,Shaftoe,55.128679,-1.921551,0,broken clouds
2025-10-16 06:17,Hepburn,55.516013,-1.884369,0,clear sky
2025-10-16 06:17,Dumbarton Rock,55.937046,-4.56476,0,overcast clouds
2025-10-16 09:13,Bowden Doors,55.585973,-1.888672,0,scattered clouds
2025-10-16 09:13,Kyloe in the Woods,55.640112,-1.925272,0,scattered clouds
2025-10-16 09:13,Shaftoe,55.128679,-1.921551,0,broken clouds
2025-10-16 09:13,Hepburn,55.516013,-1.884369,0,few clouds
2025-10-16 09:13,Dumbarton Rock,55.937046,-4.56476,0,overcast clouds
2025-10-16 12:22,Bowden Doors,55.585973,-1.888672,0,scattered clouds
2025-10-16 12:22,Kyloe in the Woods,55.640112,-1.925272,0,scattered clouds
2025-10-16 12:22,Shaftoe,55.128679,-1.921551,0,overcast clouds
2025-10-16 12:22,Hepburn,55.516013,-1.884369,0,scattered clouds
2025-10-16 12:22,Dumbarton Rock,55.937046,-4.56476,0,overcast clouds
2025-10-16 15:12,Bowden Doors,55.585973,-1.888672,0,broken clouds
2025-10-16 15:12,Kyloe in the Woods,55.640112,-1.925272,0,broken clouds
2025-10-16 15:12,Shaftoe,55.128679,-1.921551,0,broken clouds
2025-10-16 15:12,Hepburn,55.516013,-1.884369,0,broken clouds
2025-10-16 15:12,Dumbarton Rock,55.937046,-4.56476,0,broken clouds
2025-10-16 18:15,Bowden Doors,55.585973,-1.888672,0,broken clouds
2025-10-16 18:16,Kyloe in the Woods,55.640112,-1.925272,0,broken clouds
2025-10-16 18:16,Shaftoe,55.128679,-1.921551,0,broken clouds
2025-10-16 18:16,Hepburn,55.516013,-1.884369,0,overcast clouds
2025-10-16 18:16,Dumbarton Rock,55.937046,-4.56476,0,overcast clouds
2025-10-16 21:10,Bowden Doors,55.585973,-1.888672,0,scattered clouds
2025-10-16 21:10,Kyloe in the Woods,55.640112,-1.925272,0,scattered clouds
2025-10-16 21:10,Shaftoe,55.128679,-1.921551,0,broken clouds
2025-10-16 21:10,Hepburn,55.516013,-1.884369,0,scattered clouds
2025-10-16 21:10,Dumbarton Rock,55.937046,-4.56476,0,overcast clouds
2025-10-17 00:51,Bowden Doors,55.585973,-1.888672,0,overcast clouds
2025-10-17 00:51,Kyloe in the Woods,55.640112,-1.925272,0,overcast clouds
2025-10-17 00:51,Shaftoe,55.128679,-1.921551,0,broken clouds
2025-10-17 00:51,Hepburn,55.516013,-1.884369,0,overcast clouds
2025-10-17 00:51,Dumbarton Rock,55.937046,-4.56476,0,overcast clouds
2025-10-17 03:28,Bowden Doors,55.585973,-1.888672,0,broken clouds
2025-10-17 03:28,Kyloe in the Woods,55.640112,-1.925272,0,broken clouds
2025-10-17 03:28,Shaftoe,55.128679,-1.921551,0,overcast clouds
2025-10-17 03:28,Hepburn,55.516013,-1.884369,0,broken clouds
2025-10-17 03:28,Dumbarton Rock,55.937046,-4.56476,0,overcast clouds
2025-10-17 06:16,Bowden Doors,55.585973,-1.888672,0,broken clouds
2025-10-17 06:16,Kyloe in the Woods,55.640112,-1.925272,0,broken clouds
2025-10-17 06:16,Shaftoe,55.128679,-1.921551,0,broken clouds
2025-10-17 06:16,Hepburn,55.516013,-1.884369,0,overcast clouds
2025-10-17 06:16,Dumbarton Rock,55.937046,-4.56476,0,overcast clouds
2025-10-17 09:12,Bowden Doors,55.585973,-1.888672,0,overcast clouds
2025-10-17 09:12,Kyloe in the Woods,55.640112,-1.925272,0,overcast clouds
2025-10-17 09:12,Shaftoe,55.128679,-1.921551,0,broken clouds
2025-10-17 09:12,Hepburn,55.516013,-1.884369,0,overcast clouds
2025-10-17 09:12,Dumbarton Rock,55.937046,-4.56476,0,overcast clouds
2025-10-17 12:21,Bowden Doors,55.585973,-1.888672,0,overcast clouds
2025-10-17 12:21,Kyloe in the Woods,55.640112,-1.925272,0,overcast clouds
2025-10-17 12:21,Shaftoe,55.128679,-1.921551,0,broken clouds
2025-10-17 12:21,Hepburn,55.516013,-1.884369,0,overcast clouds
2025-10-17 12:21,Dumbarton Rock,55.937046,-4.56476,0,overcast clouds
2025-10-17 15:11,Bowden Doors,55.585973,-1.888672,0,overcast clouds
2025-10-17 15:11,Kyloe in the Woods,55.640112,-1.925272,0,overcast clouds
2025-10-17 15:11,Shaftoe,55.128679,-1.921551,0,scattered clouds
2025-10-17 15:11,Hepburn,55.516013,-1.884369,0,overcast clouds
2025-10-17 15:11,Dumbarton Rock,55.937046,-4.56476,0,overcast clouds
2025-10-17 18:14,Bowden Doors,55.585973,-1.888672,0,overcast clouds
2025-10-17 18:14,Kyloe in the Woods,55.640112,-1.925272,0,overcast clouds
2025-10-17 18:14,Shaftoe,55.128679,-1.921551,0,scattered clouds
2025-10-17 18:14,Hepburn,55.516013,-1.884369,0,overcast clouds
2025-10-17 18:14,Dumbarton Rock,55.937046,-4.56476,0,overcast clouds
2025-10-17 21:09,Bowden Doors,55.585973,-1.888672,0,overcast clouds
2025-10-17 21:09,Kyloe in the Woods,55.640112,-1.925272,0,overcast clouds
2025-10-17 21:09,Shaftoe,55.128679,-1.921551,0,broken clouds
2025-10-17 21:09,Hepburn,55.516013,-1.884369,0,overcast clouds
2025-10-17 21:09,Dumbarton Rock,55.937046,-4.56476,0,overcast clouds
2025-10-18 00:47,Bowden Doors,55.585973,-1.888672,0,overcast clouds
2025-10-18 00:47,Kyloe in the Woods,55.640112,-1.925272,0,overcast clouds
2025-10-18 00:47,Shaftoe,55.128679,-1.921551,0,broken clouds
2025-10-18 00:47,Hepburn,55.516013,-1.884369,0,overcast clouds
2025-10-18 00:47,Dumbarton Rock,55.937046,-4.56476,0,overcast clouds
2025-10-18 03:22,Bowden Doors,55.585973,-1.888672,0,overcast clouds
2025-10-18 03:22,Kyloe in the Woods,55.640112,-1.925272,0,overcast clouds
2025-10-18 03:22,Shaftoe,55.128679,-1.921551,0,overcast clouds
2025-10-18 03:22,Hepburn,55.516013,-1.884369,0,overcast clouds
2025-10-18 03:22,Dumbarton Rock,55.937046,-4.56476,0,overcast clouds
2025-10-18 06:15,Bowden Doors,55.585973,-1.888672,0,overcast clouds
2025-10-18 06:15,Kyloe in the Woods,55.640112,-1.925272,0,overcast clouds
2025-10-18 06:15,Shaftoe,55.128679,-1.921551,0,broken clouds
2025-10-18 06:15,Hepburn,55.516013,-1.884369,0,overcast clouds
2025-10-18 06:15,Dumbarton Rock,55.937046,-4.56476,0,overcast clouds
2025-10-18 09:10,Bowden Doors,55.585973,-1.888672,0,overcast clouds
2025-10-18 09:10,Kyloe in the Woods,55.640112,-1.925272,0,overcast clouds
2025-10-18 09:10,Shaftoe,55.128679,-1.921551,0,broken clouds
2025-10-18 09:10,Hepburn,55.516013,-1.884369,0,overcast clouds
2025-10-18 09:10,Dumbarton Rock,55.937046,-4.56476,0,broken clouds
2025-10-18 12:19,Bowden Doors,55.585973,-1.888672,0,overcast clouds
2025-10-18 12:19,Kyloe in the Woods,55.640112,-1.925272,0,overcast clouds
2025-10-18 12:19,Shaftoe,55.128679,-1.921551,0,broken clouds
2025-10-18 12:19,Hepburn,55.516013,-1.884369,0,overcast clouds
2025-10-18 12:19,Dumbarton Rock,55.937046,-4.56476,0,scattered clouds
2025-10-18 15:09,Bowden Doors,55.585973,-1.888672,0,overcast clouds
2025-10-18 15:09,Kyloe in the Woods,55.640112,-1.925272,0,overcast clouds
2025-10-18 15:09,Shaftoe,55.128679,-1.921551,0,broken clouds
2025-10-18 15:09,Hepburn,55.516013,-1.884369,0,overcast clouds
2025-10-18 15:09,Dumbarton Rock,55.937046,-4.56476,0,broken clouds
2025-10-18 18:13,Bowden Doors,55.585973,-1.888672,0,overcast clouds
2025-10-18 18:13,Kyloe in the Woods,55.640112,-1.925272,0,overcast clouds
2025-10-18 18:13,Shaftoe,55.128679,-1.921551,0,broken clouds
2025-10-18 18:13,Hepburn,55.516013,-1.884369,0,overcast clouds
2025-10-18 18:13,Dumbarton Rock,55.937046,-4.56476,0,broken clouds
2025-10-18 21:08,Bowden Doors,55.585973,-1.888672,0,broken clouds
2025-10-18 21:08,Kyloe in the Woods,55.640112,-1.925272,0,broken clouds
2025-10-18 21:08,Shaftoe,55.128679,-1.921551,0,scattered clouds
2025-10-18 21:08,Hepburn,55.516013,-1.884369,0,broken clouds
2025-10-18 21:08,Dumbarton Rock,55.937046,-4.56476,0,broken clouds
2025-10-19 00:58,Bowden Doors,55.585973,-1.888672,0,overcast clouds
2025-10-19 00:58,Kyloe in the Woods,55.640112,-1.925272,0,overcast clouds
2025-10-19 00:58,Shaftoe,55.128679,-1.921551,0,clear sky
2025-10-19 00:58,Hepburn,55.516013,-1.884369,0,overcast clouds
2025-10-19 00:58,Dumbarton Rock,55.937046,-4.56476,0,broken clouds
2025-10-19 03:40,Bowden Doors,55.585973,-1.888672,0,overcast clouds
2025-10-19 03:40,Kyloe in the Woods,55.640112,-1.925272,0,overcast clouds
2025-10-19 03:40,Shaftoe,55.128679,-1.921551,0,overcast clouds
2025-10-19 03:40,Hepburn,55.516013,-1.884369,0,overcast clouds
2025-10-19 03:40,Dumbarton Rock,55.937046,-4.56476,0,broken clouds
2025-10-19 06:16,Bowden Doors,55.585973,-1.888672,0.0,overcast clouds
2025-10-19 06:16,Kyloe in the Woods,55.640112,-1.925272,0.93,light rain
2025-10-19 06:16,Shaftoe,55.128679,-1.921551,0.0,light intensity drizzle
2025-10-19 06:16,Hepburn,55.516013,-1.884369,0.0,overcast clouds
2025-10-19 06:16,Dumbarton Rock,55.937046,-4.56476,0.25,light rain
2025-10-19 09:10,Bowden Doors,55.585973,-1.888672,0.0,overcast clouds
2025-10-19 09:10,Kyloe in the Woods,55.640112,-1.925272,0.0,overcast clouds
2025-10-19 09:10,Shaftoe,55.128679,-1.921551,0.0,few clouds
2025-10-19 09:10,Hepburn,55.516013,-1.884369,0.0,overcast clouds
2025-10-19 09:10,Dumbarton Rock,55.937046,-4.56476,2.37,moderate rain
2025-10-19 12:19,Bowden Doors,55.585973,-1.888672,0.0,overcast clouds
2025-10-19 12:19,Kyloe in the Woods,55.640112,-1.925272,0.0,overcast clouds
2025-10-19 12:19,Shaftoe,55.128679,-1.921551,0.0,clear sky
2025-10-19 12:19,Hepburn,55.516013,-1.884369,0.0,overcast clouds
2025-10-19 12:19,Dumbarton Rock,55.937046,-4.56476,3.07,moderate rain
2025-10-19 15:09,Bowden Doors,55.585973,-1.888672,2.37,moderate rain
2025-10-19 15:09,Kyloe in the Woods,55.640112,-1.925272,2.37,moderate rain
2025-10-19 15:09,Shaftoe,55.128679,-1.921551,1.54,moderate rain
2025-10-19 15:09,Hepburn,55.516013,-1.884369,2.73,moderate rain
2025-10-19 15:09,Dumbarton Rock,55.937046,-4.56476,2.05,moderate rain
2025-10-19 18:14,Bowden Doors,55.585973,-1.888672,0.84,light rain
2025-10-19 18:14,Kyloe in the Woods,55.640112,-1.925272,1.0,light rain
2025-10-19 18:14,Shaftoe,55.128679,-1.921551,1.78,moderate rain
2025-10-19 18:14,Hepburn,55.516013,-1.884369,0.96,light rain
2025-10-19 18:14,Dumbarton Rock,55.937046,-4.56476,0.43,light rain
2025-10-19 21:09,Bowden Doors,55.585973,-1.888672,1.55,moderate rain
2025-10-19 21:09,Kyloe in the Woods,55.640112,-1.925272,1.07,moderate rain
2025-10-19 21:09,Shaftoe,55.128679,-1.921551,2.11,moderate rain
2025-10-19 21:09,Hepburn,55.516013,-1.884369,2.88,moderate rain
2025-10-19 21:09,Dumbarton Rock,55.937046,-4.56476,0.0,scattered clouds
2025-10-20 00:56,Bowden Doors,55.585973,-1.888672,1.1,moderate rain
2025-10-20 00:56,Kyloe in the Woods,55.640112,-1.925272,1.95,moderate rain
2025-10-20 00:56,Shaftoe,55.128679,-1.921551,0.0,mist
2025-10-20 00:56,Hepburn,55.516013,-1.884369,1.78,moderate rain
2025-10-20 00:56,Dumbarton Rock,55.937046,-4.56476,0.0,few clouds
2025-10-20 03:42,Bowden Doors,55.585973,-1.888672,0.71,light rain
2025-10-20 03:42,Kyloe in the Woods,55.640112,-1.925272,0.0,overcast clouds
2025-10-20 03:42,Shaftoe,55.128679,-1.921551,0.0,scattered clouds
2025-10-20 03:43,Hepburn,55.516013,-1.884369,0.31,light rain
2025-10-20 03:43,Dumbarton Rock,55.937046,-4.56476,0.0,mist
2025-10-20 06:17,Bowden Doors,55.585973,-1.888672,0,overcast clouds
2025-10-20 06:17,Kyloe in the Woods,55.640112,-1.925272,0,overcast clouds
2025-10-20 06:17,Shaftoe,55.128679,-1.921551,0,few clouds
2025-10-20 06:17,Hepburn,55.516013,-1.884369,0,overcast clouds
2025-10-20 06:17,Dumbarton Rock,55.937046,-4.56476,0,mist
2025-10-20 09:14,Bowden Doors,55.585973,-1.888672,0,overcast clouds
2025-10-20 09:14,Kyloe in the Woods,55.640112,-1.925272,0,overcast clouds
2025-10-20 09:14,Shaftoe,55.128679,-1.921551,0,few clouds
2025-10-20 09:14,Hepburn,55.516013,-1.884369,0,overcast clouds
2025-10-20 09:14,Dumbarton Rock,55.937046,-4.56476,0,mist
2025-10-20 12:22,Bowden Doors,55.585973,-1.888672,0,overcast clouds
2025-10-20 12:22,Kyloe in the Woods,55.640112,-1.925272,0,broken clouds
2025-10-20 12:22,Shaftoe,55.128679,-1.921551,0,few clouds
2025-10-20 12:22,Hepburn,55.516013,-1.884369,0,overcast clouds
2025-10-20 12:22,Dumbarton Rock,55.937046,-4.56476,0,scattered clouds
2025-10-20 15:11,Bowden Doors,55.585973,-1.888672,0,overcast clouds
2025-10-20 15:11,Kyloe in the Woods,55.640112,-1.925272,0,overcast clouds
2025-10-20 15:11,Shaftoe,55.128679,-1.921551,0,mist
2025-10-20 15:11,Hepburn,55.516013,-1.884369,0,overcast clouds
2025-10-20 15:11,Dumbarton Rock,55.937046,-4.56476,0,overcast clouds
2025-10-20 18:17,Bowden Doors,55.585973,-1.888672,0,overcast clouds
2025-10-20 18:17,Kyloe in the Woods,55.640112,-1.925272,0,overcast clouds
2025-10-20 18:17,Shaftoe,55.128679,-1.921551,0,mist
2025-10-20 18:17,Hepburn,55.516013,-1.884369,0,overcast clouds
2025-10-20 18:17,Dumbarton Rock,55.937046,-4.56476,0,broken clouds
2025-10-20 21:10,Bowden Doors,55.585973,-1.888672,0,overcast clouds
2025-10-20 21:10,Kyloe in the Woods,55.640112,-1.925272,0,overcast clouds
2025-10-20 21:10,Shaftoe,55.128679,-1.921551,0,fog
2025-10-20 21:10,Hepburn,55.516013,-1.884369,0,overcast clouds
2025-10-20 21:10,Dumbarton Rock,55.937046,-4.56476,0,broken clouds
2025-10-21 00:53,Bowden Doors,55.585973,-1.888672,0,overcast clouds
2025-10-21 00:53,Kyloe in the Woods,55.640112,-1.925272,0,overcast clouds
2025-10-21 00:53,Shaftoe,55.128679,-1.921551,0,broken clouds
2025-10-21 00:53,Hepburn,55.516013,-1.884369,0,overcast clouds
2025-10-21 00:53,Dumbarton Rock,55.937046,-4.56476,0,overcast clouds
2025-10-21 03:33,Bowden Doors,55.585973,-1.888672,0.0,broken clouds
2025-10-21 03:33,Kyloe in the Woods,55.640112,-1.925272,0.0,broken clouds
2025-10-21 03:33,Shaftoe,55.128679,-1.921551,0.0,broken clouds
2025-10-21 03:33,Hepburn,55.516013,-1.884369,0.0,broken clouds
2025-10-21 03:33,Dumbarton Rock,55.937046,-4.56476,0.77,light rain
2025-10-21 06:17,Bowden Doors,55.585973,-1.888672,0.26,light rain
2025-10-21 06:17,Kyloe in the Woods,55.640112,-1.925272,0.26,light rain
2025-10-21 06:17,Shaftoe,55.128679,-1.921551,0.0,few clouds
2025-10-21 06:17,Hepburn,55.516013,-1.884369,0.42,light rain
2025-10-21 06:17,Dumbarton Rock,55.937046,-4.56476,0.6,mist
2025-10-21 09:12,Bowden Doors,55.585973,-1.888672,0.9,light rain
2025-10-21 09:12,Kyloe in the Woods,55.640112,-1.925272,1.04,moderate rain
2025-10-21 09:12,Shaftoe,55.128679,-1.921551,0.17,light rain
2025-10-21 09:12,Hepburn,55.516013,-1.884369,1.33,moderate rain
2025-10-21 09:13,Dumbarton Rock,55.937046,-4.56476,0.0,broken clouds
2025-10-21 12:22,Bowden Doors,55.585973,-1.888672,0.42,light rain
2025-10-21 12:22,Kyloe in the Woods,55.640112,-1.925272,0.0,overcast clouds
2025-10-21 12:22,Shaftoe,55.128679,-1.921551,0.0,scattered clouds
2025-10-21 12:22,Hepburn,55.516013,-1.884369,0.0,overcast clouds
2025-10-21 12:22,Dumbarton Rock,55.937046,-4.56476,0.0,broken clouds
2025-10-21 15:12,Bowden Doors,55.585973,-1.888672,0.0,overcast clouds
2025-10-21 15:12,Kyloe in the Woods,55.640112,-1.925272,0.0,overcast clouds
2025-10-21 15:12,Shaftoe,55.128679,-1.921551,0.0,broken clouds
2025-10-21 15:12,Hepburn,55.516013,-1.884369,0.12,light rain
2025-10-21 15:12,Dumbarton Rock,55.937046,-4.56476,0.0,broken clouds
2025-10-21 18:15,Bowden Doors,55.585973,-1.888672,0,overcast clouds
2025-10-21 18:15,Kyloe in the Woods,55.640112,-1.925272,0,overcast clouds
2025-10-21 18:15,Shaftoe,55.128679,-1.921551,0,scattered clouds
2025-10-21 18:15,Hepburn,55.516013,-1.884369,0,overcast clouds
2025-10-21 18:15,Dumbarton Rock,55.937046,-4.56476,0,broken clouds
2025-10-21 21:10,Bowden Doors,55.585973,-1.888672,0,broken clouds
2025-10-21 21:10,Kyloe in the Woods,55.640112,-1.925272,0,broken clouds
2025-10-21 21:10,Shaftoe,55.128679,-1.921551,0,clear sky
2025-10-21 21:10,Hepburn,55.516013,-1.884369,0,broken clouds
2025-10-21 21:10,Dumbarton Rock,55.937046,-4.56476,0,broken clouds
2025-10-22 00:54,Bowden Doors,55.585973,-1.888672,0,clear sky
2025-10-22 00:54,Kyloe in the Woods,55.640112,-1.925272,0,clear sky
2025-10-22 00:54,Shaftoe,55.128679,-1.921551,0,clear sky
2025-10-22 00:54,Hepburn,55.516013,-1.884369,0,clear sky
2025-10-22 00:54,Dumbarton Rock,55.937046,-4.56476,0,broken clouds
2025-10-22 03:39,Bowden Doors,55.585973,-1.888672,0,clear sky
2025-10-22 03:39,Kyloe in the Woods,55.640112,-1.925272,0,clear sky
2025-10-22 03:39,Shaftoe,55.128679,-1.921551,0,scattered clouds
2025-10-22 03:39,Hepburn,55.516013,-1.884369,0,clear sky
2025-10-22 03:39,Dumbarton Rock,55.937046,-4.56476,0,overcast clouds
2025-10-22 06:18,Bowden Doors,55.585973,-1.888672,0,clear sky
2025-10-22 06:18,Kyloe in the Woods,55.640112,-1.925272,0,clear sky
2025-10-22 06:18,Shaftoe,55.128679,-1.921551,0,few clouds
2025-10-22 06:18,Hepburn,55.516013,-1.884369,0,clear sky
2025-10-22 06:18,Dumbarton Rock,55.937046,-4.56476,0,scattered clouds
2025-10-22 09:14,Bowden Doors,55.585973,-1.888672,0,scattered clouds
2025-10-22 09:14,Kyloe in the Woods,55.640112,-1.925272,0,scattered clouds
2025-10-22 09:14,Shaftoe,55.128679,-1.921551,0,few clouds
2025-10-22 09:14,Hepburn,55.516013,-1.884369,0,scattered clouds
2025-10-22 09:14,Dumbarton Rock,55.937046,-4.56476,0,clear sky
2025-10-22 12:22,Bowden Doors,55.585973,-1.888672,0,few clouds
2025-10-22 12:22,Kyloe in the Woods,55.640112,-1.925272,0,few clouds
2025-10-22 12:22,Shaftoe,55.128679,-1.921551,0,few clouds
2025-10-22 12:22,Hepburn,55.516013,-1.884369,0,scattered clouds
2025-10-22 12:22,Dumbarton Rock,55.937046,-4.56476,0,broken clouds
2025-10-22 15:14,Bowden Doors,55.585973,-1.888672,0,clear sky
2025-10-22 15:14,Kyloe in the Woods,55.640112,-1.925272,0,clear sky
2025-10-22 15:14,Shaftoe,55.128679,-1.921551,0,few clouds
2025-10-22 15:14,Hepburn,55.516013,-1.884369,0,clear sky
2025-10-22 15:14,Dumbarton Rock,55.937046,-4.56476,0,scattered clouds
2025-10-22 18:17,Bowden Doors,55.585973,-1.888672,0,clear sky
2025-10-22 18:17,Kyloe in the Woods,55.640112,-1.925272,0,clear sky
2025-10-22 18:17,Shaftoe,55.128679,-1.921551,0,few clouds
2025-10-22 18:17,Hepburn,55.516013,-1.884369,0,clear sky
2025-10-22 18:17,Dumbarton Rock,55.937046,-4.56476,0,broken clouds
2025-10-22 21:08,Bowden Doors,55.585973,-1.888672,0,scattered clouds
2025-10-22 21:08,Kyloe in the Woods,55.640112,-1.925272,0,scattered clouds
2025-10-22 21:08,Shaftoe,55.128679,-1.921551,0,clear sky
2025-10-22 21:08,Hepburn,55.516013,-1.884369,0,scattered clouds
2025-10-22 21:08,Dumbarton Rock,55.937046,-4.56476,0,fog
2025-10-23 00:52,Bowden Doors,55.585973,-1.888672,0,overcast clouds
2025-10-23 00:52,Kyloe in the Woods,55.640112,-1.925272,0,overcast clouds
2025-10-23 00:52,Shaftoe,55.128679,-1.921551,0,clear sky
2025-10-23 00:52,Hepburn,55.516013,-1.884369,0,overcast clouds
2025-10-23 00:52,Dumbarton Rock,55.937046,-4.56476,0,broken clouds
2025-10-23 03:31,Bowden Doors,55.585973,-1.888672,0,overcast clouds
2025-10-23 03:31,Kyloe in the Woods,55.640112,-1.925272,0,overcast clouds
2025-10-23 03:31,Shaftoe,55.128679,-1.921551,0,overcast clouds
2025-10-23 03:31,Hepburn,55.516013,-1.884369,0,overcast clouds
2025-10-23 03:31,Dumbarton Rock,55.937046,-4.56476,0,fog
2025-10-23 06:17,Bowden Doors,55.585973,-1.888672,0.36,light rain
2025-10-23 06:17,Kyloe in the Woods,55.640112,-1.925272,0.0,overcast clouds
2025-10-23 06:17,Shaftoe,55.128679,-1.921551,0.0,scattered clouds
2025-10-23 06:17,Hepburn,55.516013,-1.884369,0.69,light rain
2025-10-23 06:17,Dumbarton Rock,55.937046,-4.56476,0.0,broken clouds
2025-10-23 09:13,Bowden Doors,55.585973,-1.888672,5.62,heavy intensity rain
2025-10-23 09:13,Kyloe in the Woods,55.640112,-1.925272,0.72,light rain
2025-10-23 09:13,Shaftoe,55.128679,-1.921551,0.29,light rain
2025-10-23 09:13,Hepburn,55.516013,-1.884369,1.47,moderate rain
2025-10-23 09:13,Dumbarton Rock,55.937046,-4.56476,0.0,broken clouds
2025-10-23 12:22,Bowden Doors,55.585973,-1.888672,0.17,light rain
2025-10-23 12:22,Kyloe in the Woods,55.640112,-1.925272,0.0,overcast clouds
2025-10-23 12:22,Shaftoe,55.128679,-1.921551,0.0,few clouds
2025-10-23 12:22,Hepburn,55.516013,-1.884369,0.0,overcast clouds
2025-10-23 12:22,Dumbarton Rock,55.937046,-4.56476,0.0,few clouds
2025-10-23 15:12,Bowden Doors,55.585973,-1.888672,0.24,light rain
2025-10-23 15:12,Kyloe in the Woods,55.640112,-1.925272,0.25,light rain
2025-10-23 15:12,Shaftoe,55.128679,-1.921551,0.0,broken clouds
2025-10-23 15:12,Hepburn,55.516013,-1.884369,0.0,overcast clouds
2025-10-23 15:12,Dumbarton Rock,55.937046,-4.56476,0.0,scattered clouds
2025-10-23 18:16,Bowden Doors,55.585973,-1.888672,0,overcast clouds
2025-10-23 18:16,Kyloe in the Woods,55.640112,-1.925272,0,overcast clouds
2025-10-23 18:16,Shaftoe,55.128679,-1.921551,0,few clouds
2025-10-23 18:16,Hepburn,55.516013,-1.884369,0,overcast clouds
2025-10-23 18:16,Dumbarton Rock,55.937046,-4.56476,0,overcast clouds
2025-10-23 21:10,Bowden Doors,55.585973,-1.888672,0,overcast clouds
2025-10-23 21:10,Kyloe in the Woods,55.640112,-1.925272,0,overcast clouds
2025-10-23 21:10,Shaftoe,55.128679,-1.921551,0,clear sky
2025-10-23 21:10,Hepburn,55.516013,-1.884369,0,overcast clouds
2025-10-23 21:10,Dumbarton Rock,55.937046,-4.56476,0,overcast clouds
2025-10-24 00:48,Bowden Doors,55.585973,-1.888672,0,overcast clouds
2025-10-24 00:48,Kyloe in the Woods,55.640112,-1.925272,0,overcast clouds
2025-10-24 00:48,Shaftoe,55.128679,-1.921551,0,clear sky
2025-10-24 00:48,Hepburn,55.516013,-1.884369,0,overcast clouds
2025-10-24 00:48,Dumbarton Rock,55.937046,-4.56476,0,scattered clouds
2025-10-24 03:27,Bowden Doors,55.585973,-1.888672,0,overcast clouds
2025-10-24 03:27,Kyloe in the Woods,55.640112,-1.925272,0,overcast clouds
2025-10-24 03:27,Shaftoe,55.128679,-1.921551,0,scattered clouds
2025-10-24 03:27,Hepburn,55.516013,-1.884369,0,overcast clouds
2025-10-24 03:27,Dumbarton Rock,55.937046,-4.56476,0,broken clouds
2025-10-24 06:17,Bowden Doors,55.585973,-1.888672,0,overcast clouds
2025-10-24 06:17,Kyloe in the Woods,55.640112,-1.925272,0,overcast clouds
2025-10-24 06:17,Shaftoe,55.128679,-1.921551,0,clear sky
2025-10-24 06:17,Hepburn,55.516013,-1.884369,0,overcast clouds
2025-10-24 06:17,Dumbarton Rock,55.937046,-4.56476,0,fog
2025-10-24 09:13,Bowden Doors,55.585973,-1.888672,0,overcast clouds
2025-10-24 09:13,Kyloe in the Woods,55.640112,-1.925272,0,overcast clouds
2025-10-24 09:13,Shaftoe,55.128679,-1.921551,0,few clouds
2025-10-24 09:13,Hepburn,55.516013,-1.884369,0,overcast clouds
2025-10-24 09:13,Dumbarton Rock,55.937046,-4.56476,0,broken clouds
2025-10-24 12:22,Bowden Doors,55.585973,-1.888672,0.6,light rain
2025-10-24 12:22,Kyloe in the Woods,55.640112,-1.925272,0.71,light rain
2025-10-24 12:22,Shaftoe,55.128679,-1.921551,0.0,few clouds
2025-10-24 12:22,Hepburn,55.516013,-1.884369,1.15,moderate rain
2025-10-24 12:22,Dumbarton Rock,55.937046,-4.56476,0.0,scattered clouds
2025-10-24 15:11,Bowden Doors,55.585973,-1.888672,1.06,moderate rain
2025-10-24 15:11,Kyloe in the Woods,55.640112,-1.925272,1.06,moderate rain
2025-10-24 15:11,Shaftoe,55.128679,-1.921551,0.56,light rain
2025-10-24 15:11,Hepburn,55.516013,-1.884369,1.0,light rain
2025-10-24 15:11,Dumbarton Rock,55.937046,-4.56476,0.0,overcast clouds
2025-10-24 18:16,Bowden Doors,55.585973,-1.888672,1.76,moderate rain
2025-10-24 18:16,Kyloe in the Woods,55.640112,-1.925272,1.21,moderate rain
2025-10-24 18:16,Shaftoe,55.128679,-1.921551,0.17,light rain
2025-10-24 18:16,Hepburn,55.516013,-1.884369,1.54,moderate rain
2025-10-24 18:16,Dumbarton Rock,55.937046,-4.56476,0.0,scattered clouds
2025-10-24 21:10,Bowden Doors,55.585973,-1.888672,3.16,moderate rain
2025-10-24 21:10,Kyloe in the Woods,55.640112,-1.925272,2.05,moderate rain
2025-10-24 21:10,Shaftoe,55.128679,-1.921551,0.65,light rain
2025-10-24 21:10,Hepburn,55.516013,-1.884369,1.78,moderate rain
2025-10-24 21:10,Dumbarton Rock,55.937046,-4.56476,0.0,few clouds
2025-10-25 00:51,Bowden Doors,55.585973,-1.888672,0.15,light rain
2025-10-25 00:51,Kyloe in the Woods,55.640112,-1.925272,0.14,light rain
2025-10-25 00:51,Shaftoe,55.128679,-1.921551,0.0,broken clouds
2025-10-25 00:51,Hepburn,55.516013,-1.884369,0.24,light rain
2025-10-25 00:51,Dumbarton Rock,55.937046,-4.56476,0.0,overcast clouds
2025-10-25 03:29,Bowden Doors,55.585973,-1.888672,0,overcast clouds
2025-10-25 03:29,Kyloe in the Woods,55.640112,-1.925272,0,overcast clouds
2025-10-25 03:29,Shaftoe,55.128679,-1.921551,0,overcast clouds
2025-10-25 03:29,Hepburn,55.516013,-1.884369,0,overcast clouds
2025-10-25 03:29,Dumbarton Rock,55.937046,-4.56476,0,few clouds
2025-10-25 06:14,Bowden Doors,55.585973,-1.888672,0,overcast clouds
2025-10-25 06:14,Kyloe in the Woods,55.640112,-1.925272,0,overcast clouds
2025-10-25 06:14,Shaftoe,55.128679,-1.921551,0,few clouds
2025-10-25 06:14,Hepburn,55.516013,-1.884369,0,overcast clouds
2025-10-25 06:14,Dumbarton Rock,55.937046,-4.56476,0,broken clouds
2025-10-25 09:10,Bowden Doors,55.585973,-1.888672,0.12,light rain
2025-10-25 09:10,Kyloe in the Woods,55.640112,-1.925272,0.49,light rain
2025-10-25 09:10,Shaftoe,55.128679,-1.921551,0.0,few clouds
2025-10-25 09:10,Hepburn,55.516013,-1.884369,0.21,light rain
2025-10-25 09:10,Dumbarton Rock,55.937046,-4.56476,0.0,scattered clouds
2025-10-25 12:19,Bowden Doors,55.585973,-1.888672,0,overcast clouds
2025-10-25 12:19,Kyloe in the Woods,55.640112,-1.925272,0,overcast clouds
2025-10-25 12:19,Shaftoe,55.128679,-1.921551,0,few clouds
2025-10-25 12:19,Hepburn,55.516013,-1.884369,0,overcast clouds
2025-10-25 12:19,Dumbarton Rock,55.937046,-4.56476,0,clear sky
2025-10-25 15:09,Bowden Doors,55.585973,-1.888672,0,broken clouds
2025-10-25 15:09,Kyloe in the Woods,55.640112,-1.925272,0,broken clouds
2025-10-25 15:09,Shaftoe,55.128679,-1.921551,0,few clouds
2025-10-25 15:09,Hepburn,55.516013,-1.884369,0,broken clouds
2025-10-25 15:09,Dumbarton Rock,55.937046,-4.56476,0,broken clouds
2025-10-25 18:14,Bowden Doors,55.585973,-1.888672,0,broken clouds
2025-10-25 18:14,Kyloe in the Woods,55.640112,-1.925272,0,broken clouds
2025-10-25 18:14,Shaftoe,55.128679,-1.921551,0,few clouds
2025-10-25 18:14,Hepburn,55.516013,-1.884369,0,broken clouds
2025-10-25 18:14,Dumbarton Rock,55.937046,-4.56476,0,clear sky
2025-10-25 21:09,Bowden Doors,55.585973,-1.888672,0,broken clouds
2025-10-25 21:09,Kyloe in the Woods,55.640112,-1.925272,0,overcast clouds
2025-10-25 21:09,Shaftoe,55.128679,-1.921551,0,clear sky
2025-10-25 21:09,Hepburn,55.516013,-1.884369,0,broken clouds
2025-10-25 21:09,Dumbarton Rock,55.937046,-4.56476,0,clear sky
2025-10-26 00:56,Bowden Doors,55.585973,-1.888672,0,broken clouds
2025-10-26 00:56,Kyloe in the Woods,55.640112,-1.925272,0,broken clouds
2025-10-26 00:56,Shaftoe,55.128679,-1.921551,0,clear sky
2025-10-26 00:56,Hepburn,55.516013,-1.884369,0,scattered clouds
2025-10-26 00:56,Dumbarton Rock,55.937046,-4.56476,0,clear sky
2025-10-26 03:36,Bowden Doors,55.585973,-1.888672,0,broken clouds
2025-10-26 03:36,Kyloe in the Woods,55.640112,-1.925272,0,broken clouds
2025-10-26 03:36,Shaftoe,55.128679,-1.921551,0,clear sky
2025-10-26 03:36,Hepburn,55.516013,-1.884369,0,broken clouds
2025-10-26 03:36,Dumbarton Rock,55.937046,-4.56476,0,scattered clouds
2025-10-26 06:15,Bowden Doors,55.585973,-1.888672,0,broken clouds
2025-10-26 06:15,Kyloe in the Woods,55.640112,-1.925272,0,broken clouds
2025-10-26 06:15,Shaftoe,55.128679,-1.921551,0,clear sky
2025-10-26 06:15,Hepburn,55.516013,-1.884369,0,broken clouds
2025-10-26 06:15,Dumbarton Rock,55.937046,-4.56476,0,broken clouds
2025-10-26 09:10,Bowden Doors,55.585973,-1.888672,0.0,overcast clouds
2025-10-26 09:10,Kyloe in the Woods,55.640112,-1.925272,0.0,overcast clouds
2025-10-26 09:10,Shaftoe,55.128679,-1.921551,0.0,clear sky
2025-10-26 09:10,Hepburn,55.516013,-1.884369,0.0,overcast clouds
2025-10-26 09:10,Dumbarton Rock,55.937046,-4.56476,1.78,moderate rain
2025-10-26 12:19,Bowden Doors,55.585973,-1.888672,1.78,moderate rain
2025-10-26 12:19,Kyloe in the Woods,55.640112,-1.925272,1.0,light rain
2025-10-26 12:19,Shaftoe,55.128679,-1.921551,1.0,light rain
2025-10-26 12:19,Hepburn,55.516013,-1.884369,2.37,moderate rain
2025-10-26 12:19,Dumbarton Rock,55.937046,-4.56476,0.18,light rain
2025-10-26 15:10,Bowden Doors,55.585973,-1.888672,0.0,overcast clouds
2025-10-26 15:10,Kyloe in the Woods,55.640112,-1.925272,0.0,overcast clouds
2025-10-26 15:10,Shaftoe,55.128679,-1.921551,0.0,scattered clouds
2025-10-26 15:10,Hepburn,55.516013,-1.884369,0.0,overcast clouds
2025-10-26 15:10,Dumbarton Rock,55.937046,-4.56476,0.18,light rain
2025-10-26 18:14,Bowden Doors,55.585973,-1.888672,0,broken clouds
2025-10-26 18:14,Kyloe in the Woods,55.640112,-1.925272,0,broken clouds
2025-10-26 18:14,Shaftoe,55.128679,-1.921551,0,broken clouds
2025-10-26 18:14,Hepburn,55.516013,-1.884369,0,broken clouds
2025-10-26 18:14,Dumbarton Rock,55.937046,-4.56476,0,few clouds
2025-10-26 21:09,Bowden Doors,55.585973,-1.888672,0,broken clouds
2025-10-26 21:09,Kyloe in the Woods,55.640112,-1.925272,0,broken clouds
2025-10-26 21:09,Shaftoe,55.128679,-1.921551,0,broken clouds
2025-10-26 21:09,Hepburn,55.516013,-1.884369,0,broken clouds
2025-10-26 21:09,Dumbarton Rock,55.937046,-4.56476,0,broken clouds
2025-10-27 00:57,Bowden Doors,55.585973,-1.888672,0.13,light rain
2025-10-27 00:57,Kyloe in the Woods,55.640112,-1.925272,0.0,overcast clouds
2025-10-27 00:57,Shaftoe,55.128679,-1.921551,0.0,few clouds
2025-10-27 00:57,Hepburn,55.516013,-1.884369,0.8,light rain
2025-10-27 00:57,Dumbarton Rock,55.937046,-4.56476,0.0,broken clouds
2025-10-27 03:46,Bowden Doors,55.585973,-1.888672,0,broken clouds
2025-10-27 03:46,Kyloe in the Woods,55.640112,-1.925272,0,broken clouds
2025-10-27 03:46,Shaftoe,55.128679,-1.921551,0,broken clouds
2025-10-27 03:46,Hepburn,55.516013,-1.884369,0,broken clouds
2025-10-27 03:46,Dumbarton Rock,55.937046,-4.56476,0,scattered clouds
2025-10-27 06:19,Bowden Doors,55.585973,-1.888672,0,broken clouds
2025-10-27 06:19,Kyloe in the Woods,55.640112,-1.925272,0,broken clouds
2025-10-27 06:19,Shaftoe,55.128679,-1.921551,0,scattered clouds
2025-10-27 06:19,Hepburn,55.516013,-1.884369,0,broken clouds
2025-10-27 06:19,Dumbarton Rock,55.937046,-4.56476,0,overcast clouds
2025-10-27 09:14,Bowden Doors,55.585973,-1.888672,0,broken clouds
2025-10-27 09:14,Kyloe in the Woods,55.640112,-1.925272,0,broken clouds
2025-10-27 09:14,Shaftoe,55.128679,-1.921551,0,clear sky
2025-10-27 09:14,Hepburn,55.516013,-1.884369,0,scattered clouds
2025-10-27 09:14,Dumbarton Rock,55.937046,-4.56476,0,broken clouds
2025-10-27 12:22,Bowden Doors,55.585973,-1.888672,0,scattered clouds
2025-10-27 12:22,Kyloe in the Woods,55.640112,-1.925272,0,scattered clouds
2025-10-27 12:22,Shaftoe,55.128679,-1.921551,0,few clouds
2025-10-27 12:22,Hepburn,55.516013,-1.884369,0,scattered clouds
2025-10-27 12:22,Dumbarton Rock,55.937046,-4.56476,0,overcast clouds
2025-10-27 15:12,Bowden Doors,55.585973,-1.888672,0,clear sky
2025-10-27 15:12,Kyloe in the Woods,55.640112,-1.925272,0,clear sky
2025-10-27 15:12,Shaftoe,55.128679,-1.921551,0,few clouds
2025-10-27 15:12,Hepburn,55.516013,-1.884369,0,clear sky
2025-10-27 15:12,Dumbarton Rock,55.937046,-4.56476,0,scattered clouds
2025-10-27 18:16,Bowden Doors,55.585973,-1.888672,0.0,scattered clouds
2025-10-27 18:16,Kyloe in the Woods,55.640112,-1.925272,0.0,few clouds
2025-10-27 18:16,Shaftoe,55.128679,-1.921551,0.0,clear sky
2025-10-27 18:16,Hepburn,55.516013,-1.884369,0.0,scattered clouds
2025-10-27 18:16,Dumbarton Rock,55.937046,-4.56476,0.21,light rain
2025-10-27 21:10,Bowden Doors,55.585973,-1.888672,0.18,light rain
2025-10-27 21:10,Kyloe in the Woods,55.640112,-1.925272,2.05,moderate rain
2025-10-27 21:10,Shaftoe,55.128679,-1.921551,0.21,light rain
2025-10-27 21:10,Hepburn,55.516013,-1.884369,2.05,moderate rain
2025-10-27 21:10,Dumbarton Rock,55.937046,-4.56476,2.73,moderate rain
2025-10-28 00:51,Bowden Doors,55.585973,-1.888672,0.17,light rain
2025-10-28 00:51,Kyloe in the Woods,55.640112,-1.925272,0.4,light rain
2025-10-28 00:51,Shaftoe,55.128679,-1.921551,0.0,broken clouds
2025-10-28 00:51,Hepburn,55.516013,-1.884369,0.63,light rain
2025-10-28 00:51,Dumbarton Rock,55.937046,-4.56476,0.0,broken clouds
2025-10-28 03:36,Bowden Doors,55.585973,-1.888672,0,broken clouds
2025-10-28 03:36,Kyloe in the Woods,55.640112,-1.925272,0,broken clouds
2025-10-28 03:36,Shaftoe,55.128679,-1.921551,0,few clouds
2025-10-28 03:36,Hepburn,55.516013,-1.884369,0,broken clouds
2025-10-28 03:36,Dumbarton Rock,55.937046,-4.56476,0,broken clouds
2025-10-28 06:18,Bowden Doors,55.585973,-1.888672,0.0,broken clouds
2025-10-28 06:18,Kyloe in the Woods,55.640112,-1.925272,0.0,broken clouds
2025-10-28 06:18,Shaftoe,55.128679,-1.921551,0.0,few clouds
2025-10-28 06:18,Hepburn,55.516013,-1.884369,0.0,broken clouds
2025-10-28 06:18,Dumbarton Rock,55.937046,-4.56476,0.4,light rain
2025-10-28 09:12,Bowden Doors,55.585973,-1.888672,0.0,overcast clouds
2025-10-28 09:12,Kyloe in the Woods,55.640112,-1.925272,0.0,overcast clouds
2025-10-28 09:12,Shaftoe,55.128679,-1.921551,0.0,clear sky
2025-10-28 09:12,Hepburn,55.516013,-1.884369,0.0,overcast clouds
2025-10-28 09:12,Dumbarton Rock,55.937046,-4.56476,0.39,light rain
2025-10-28 12:21,Bowden Doors,55.585973,-1.888672,0,overcast clouds
2025-10-28 12:21,Kyloe in the Woods,55.640112,-1.925272,0,overcast clouds
2025-10-28 12:21,Shaftoe,55.128679,-1.921551,0,few clouds
2025-10-28 12:21,Hepburn,55.516013,-1.884369,0,overcast clouds
2025-10-28 12:21,Dumbarton Rock,55.937046,-4.56476,0,scattered clouds
2025-10-28 15:13,Bowden Doors,55.585973,-1.888672,0,clear sky
2025-10-28 15:13,Kyloe in the Woods,55.640112,-1.925272,0,few clouds
2025-10-28 15:13,Shaftoe,55.128679,-1.921551,0,scattered clouds
2025-10-28 15:13,Hepburn,55.516013,-1.884369,0,clear sky
2025-10-28 15:13,Dumbarton Rock,55.937046,-4.56476,0,broken clouds
2025-10-28 18:17,Bowden Doors,55.585973,-1.888672,0,clear sky
2025-10-28 18:17,Kyloe in the Woods,55.640112,-1.925272,0,few clouds
2025-10-28 18:17,Shaftoe,55.128679,-1.921551,0,few clouds
2025-10-28 18:17,Hepburn,55.516013,-1.884369,0,clear sky
2025-10-28 18:17,Dumbarton Rock,55.937046,-4.56476,0,scattered clouds
2025-10-28 21:10,Bowden Doors,55.585973,-1.888672,0.0,broken clouds
2025-10-28 21:10,Kyloe in the Woods,55.640112,-1.925272,0.0,broken clouds
2025-10-28 21:10,Shaftoe,55.128679,-1.921551,0.0,scattered clouds
2025-10-28 21:10,Hepburn,55.516013,-1.884369,0.0,broken clouds
2025-10-28 21:10,Dumbarton Rock,55.937046,-4.56476,0.17,light rain
2025-10-29 00:55,Bowden Doors,55.585973,-1.888672,1.59,moderate rain
2025-10-29 00:55,Kyloe in the Woods,55.640112,-1.925272,0.42,light rain
2025-10-29 00:55,Shaftoe,55.128679,-1.921551,0.0,scattered clouds
2025-10-29 00:55,Hepburn,55.516013,-1.884369,5.46,heavy intensity rain
2025-10-29 00:55,Dumbarton Rock,55.937046,-4.56476,0.0,overcast clouds
2025-10-29 03:42,Bowden Doors,55.585973,-1.888672,0,overcast clouds
2025-10-29 03:42,Kyloe in the Woods,55.640112,-1.925272,0,overcast clouds
2025-10-29 03:42,Shaftoe,55.128679,-1.921551,0,scattered clouds
2025-10-29 03:42,Hepburn,55.516013,-1.884369,0,overcast clouds
2025-10-29 03:42,Dumbarton Rock,55.937046,-4.56476,0,broken clouds
2025-10-29 06:18,Bowden Doors,55.585973,-1.888672,0,overcast clouds
2025-10-29 06:18,Kyloe in the Woods,55.640112,-1.925272,0,broken clouds
2025-10-29 06:18,Shaftoe,55.128679,-1.921551,0,few clouds
2025-10-29 06:18,Hepburn,55.516013,-1.884369,0,overcast clouds
2025-10-29 06:18,Dumbarton Rock,55.937046,-4.56476,0,scattered clouds
2025-10-29 09:12,Bowden Doors,55.585973,-1.888672,0,clear sky
2025-10-29 09:12,Kyloe in the Woods,55.640112,-1.925272,0,clear sky
2025-10-29 09:12,Shaftoe,55.128679,-1.921551,0,clear sky
2025-10-29 09:12,Hepburn,55.516013,-1.884369,0,clear sky
2025-10-29 09:12,Dumbarton Rock,55.937046,-4.56476,0,broken clouds
2025-10-29 12:22,Bowden Doors,55.585973,-1.888672,0,clear sky
2025-10-29 12:22,Kyloe in the Woods,55.640112,-1.925272,0,clear sky
2025-10-29 12:22,Shaftoe,55.128679,-1.921551,0,scattered clouds
2025-10-29 12:22,Hepburn,55.516013,-1.884369,0,clear sky
2025-10-29 12:22,Dumbarton Rock,55.937046,-4.56476,0,broken clouds
2025-10-29 15:13,Bowden Doors,55.585973,-1.888672,0,clear sky
2025-10-29 15:13,Kyloe in the Woods,55.640112,-1.925272,0,clear sky
2025-10-29 15:13,Shaftoe,55.128679,-1.921551,0,scattered clouds
2025-10-29 15:13,Hepburn,55.516013,-1.884369,0,clear sky
2025-10-29 15:13,Dumbarton Rock,55.937046,-4.56476,0,scattered clouds
2025-10-29 18:19,Bowden Doors,55.585973,-1.888672,0,clear sky
2025-10-29 18:19,Kyloe in the Woods,55.640112,-1.925272,0,clear sky
2025-10-29 18:19,Shaftoe,55.128679,-1.921551,0,clear sky
2025-10-29 18:19,Hepburn,55.516013,-1.884369,0,few clouds
2025-10-29 18:19,Dumbarton Rock,55.937046,-4.56476,0,scattered clouds
2025-10-29 21:10,Bowden Doors,55.585973,-1.888672,0,few clouds
2025-10-29 21:10,Kyloe in the Woods,55.640112,-1.925272,0,clear sky
2025-10-29 21:10,Shaftoe,55.128679,-1.921551,0,clear sky
2025-10-29 21:10,Hepburn,55.516013,-1.884369,0,few clouds
2025-10-29 21:10,Dumbarton Rock,55.937046,-4.56476,0,clear sky
2025-10-30 00:55,Bowden Doors,55.585973,-1.888672,0,few clouds
2025-10-30 00:55,Kyloe in the Woods,55.640112,-1.925272,0,few clouds
2025-10-30 00:55,Shaftoe,55.128679,-1.921551,0,clear sky
2025-10-30 00:55,Hepburn,55.516013,-1.884369,0,clear sky
2025-10-30 00:55,Dumbarton Rock,55.937046,-4.56476,0,fog
2025-10-30 03:38,Bowden Doors,55.585973,-1.888672,0,few clouds
2025-10-30 03:38,Kyloe in the Woods,55.640112,-1.925272,0,scattered clouds
2025-10-30 03:38,Shaftoe,55.128679,-1.921551,0,clear sky
2025-10-30 03:38,Hepburn,55.516013,-1.884369,0,clear sky
2025-10-30 03:38,Dumbarton Rock,55.937046,-4.56476,0,fog
2025-10-30 06:17,Bowden Doors,55.585973,-1.888672,0,few clouds
2025-10-30 06:17,Kyloe in the Woods,55.640112,-1.925272,0,few clouds
2025-10-30 06:17,Shaftoe,55.128679,-1.921551,0,clear sky
2025-10-30 06:17,Hepburn,55.516013,-1.884369,0,clear sky
2025-10-30 06:17,Dumbarton Rock,55.937046,-4.56476,0,fog
2025-10-30 09:12,Bowden Doors,55.585973,-1.888672,0,overcast clouds
2025-10-30 09:12,Kyloe in the Woods,55.640112,-1.925272,0,overcast clouds
2025-10-30 09:12,Shaftoe,55.128679,-1.921551,0,clear sky
2025-10-30 09:12,Hepburn,55.516013,-1.884369,0,overcast clouds
2025-10-30 09:12,Dumbarton Rock,55.937046,-4.56476,0,fog
2025-10-30 12:22,Bowden Doors,55.585973,-1.888672,0,overcast clouds
2025-10-30 12:22,Kyloe in the Woods,55.640112,-1.925272,0,overcast clouds
2025-10-30 12:22,Shaftoe,55.128679,-1.921551,0,clear sky
2025-10-30 12:22,Hepburn,55.516013,-1.884369,0,overcast clouds
2025-10-30 12:22,Dumbarton Rock,55.937046,-4.56476,0,few clouds
2025-10-30 15:12,Bowden Doors,55.585973,-1.888672,0,overcast clouds
2025-10-30 15:12,Kyloe in the Woods,55.640112,-1.925272,0,overcast clouds
2025-10-30 15:12,Shaftoe,55.128679,-1.921551,0,clear sky
2025-10-30 15:12,Hepburn,55.516013,-1.884369,0,overcast clouds
2025-10-30 15:12,Dumbarton Rock,55.937046,-4.56476,1,light rain
2025-10-30 18:15,Bowden Doors,55.585973,-1.888672,0.0,overcast clouds
2025-10-30 18:15,Kyloe in the Woods,55.640112,-1.925272,0.0,overcast clouds
2025-10-30 18:15,Shaftoe,55.128679,-1.921551,0.47,light rain
2025-10-30 18:15,Hepburn,55.516013,-1.884369,0.0,overcast clouds
2025-10-30 18:15,Dumbarton Rock,55.937046,-4.56476,1.31,moderate rain
2025-10-30 21:10,Bowden Doors,55.585973,-1.888672,0,overcast clouds
2025-10-30 21:10,Kyloe in the Woods,55.640112,-1.925272,0,overcast clouds
2025-10-30 21:10,Shaftoe,55.128679,-1.921551,0,broken clouds
2025-10-30 21:10,Hepburn,55.516013,-1.884369,0,overcast clouds
2025-10-30 21:10,Dumbarton Rock,55.937046,-4.56476,0,broken clouds
2025-10-31 00:53,Bowden Doors,55.585973,-1.888672,0.0,overcast clouds
2025-10-31 00:53,Kyloe in the Woods,55.640112,-1.925272,0.41,light rain
2025-10-31 00:53,Shaftoe,55.128679,-1.921551,0.24,light rain
2025-10-31 00:53,Hepburn,55.516013,-1.884369,0.0,overcast clouds
2025-10-31 00:53,Dumbarton Rock,55.937046,-4.56476,0.17,light rain
2025-10-31 03:38,Bowden Doors,55.585973,-1.888672,0,overcast clouds
2025-10-31 03:38,Kyloe in the Woods,55.640112,-1.925272,0,overcast clouds
2025-10-31 03:38,Shaftoe,55.128679,-1.921551,0,scattered clouds
2025-10-31 03:38,Hepburn,55.516013,-1.884369,0,overcast clouds
2025-10-31 03:38,Dumbarton Rock,55.937046,-4.56476,0,broken clouds
2025-10-31 06:17,Bowden Doors,55.585973,-1.888672,0,overcast clouds
2025-10-31 06:17,Kyloe in the Woods,55.640112,-1.925272,0,overcast clouds
2025-10-31 06:17,Shaftoe,55.128679,-1.921551,0,few clouds
2025-10-31 06:17,Hepburn,55.516013,-1.884369,0,overcast clouds
2025-10-31 06:17,Dumbarton Rock,55.937046,-4.56476,0,scattered clouds
2025-10-31 09:12,Bowden Doors,55.585973,-1.888672,0,broken clouds
2025-10-31 09:12,Kyloe in the Woods,55.640112,-1.925272,0,broken clouds
2025-10-31 09:12,Shaftoe,55.128679,-1.921551,0,few clouds
2025-10-31 09:12,Hepburn,55.516013,-1.884369,0,broken clouds
2025-10-31 09:12,Dumbarton Rock,55.937046,-4.56476,0,few clouds
2025-10-31 12:22,Bowden Doors,55.585973,-1.888672,0,broken clouds
2025-10-31 12:22,Kyloe in the Woods,55.640112,-1.925272,0,broken clouds
2025-10-31 12:22,Shaftoe,55.128679,-1.921551,0,few clouds
2025-10-31 12:22,Hepburn,55.516013,-1.884369,0,broken clouds
2025-10-31 12:22,Dumbarton Rock,55.937046,-4.56476,0,broken clouds
2025-10-31 15:10,Bowden Doors,55.585973,-1.888672,0.0,overcast clouds
2025-10-31 15:10,Kyloe in the Woods,55.640112,-1.925272,0.0,overcast clouds
2025-10-31 15:10,Shaftoe,55.128679,-1.921551,4.73,heavy intensity rain
2025-10-31 15:10,Hepburn,55.516013,-1.884369,0.0,overcast clouds
2025-10-31 15:10,Dumbarton Rock,55.937046,-4.56476,3.55,moderate rain
2025-10-31 18:17,Bowden Doors,55.585973,-1.888672,0.0,overcast clouds
2025-10-31 18:17,Kyloe in the Woods,55.640112,-1.925272,0.0,overcast clouds
2025-10-31 18:17,Shaftoe,55.128679,-1.921551,0.0,few clouds
2025-10-31 18:17,Hepburn,55.516013,-1.884369,0.0,overcast clouds
2025-10-31 18:17,Dumbarton Rock,55.937046,-4.56476,1.64,moderate rain
2025-10-31 21:10,Bowden Doors,55.585973,-1.888672,0,few clouds
2025-10-31 21:10,Kyloe in the Woods,55.640112,-1.925272,0,scattered clouds
2025-10-31 21:10,Shaftoe,55.128679,-1.921551,0,clear sky
2025-10-31 21:10,Hepburn,55.516013,-1.884369,0,few clouds
2025-10-31 21:10,Dumbarton Rock,55.937046,-4.56476,0,scattered clouds
2025-11-01 00:56,Bowden Doors,55.585973,-1.888672,2.06,moderate rain
2025-11-01 00:56,Kyloe in the Woods,55.640112,-1.925272,2.54,moderate rain
2025-11-01 00:56,Shaftoe,55.128679,-1.921551,0.75,light rain
2025-11-01 00:56,Hepburn,55.516013,-1.884369,0.9,light rain
2025-11-01 00:56,Dumbarton Rock,55.937046,-4.56476,2.9,moderate rain
2025-11-01 03:38,Bowden Doors,55.585973,-1.888672,0.25,light rain
2025-11-01 03:38,Kyloe in the Woods,55.640112,-1.925272,0.43,light rain
2025-11-01 03:38,Shaftoe,55.128679,-1.921551,0.0,scattered clouds
2025-11-01 03:38,Hepburn,55.516013,-1.884369,0.0,overcast clouds
2025-11-01 03:38,Dumbarton Rock,55.937046,-4.56476,0.0,broken clouds
2025-11-01 06:15,Bowden Doors,55.585973,-1.888672,7.49,heavy intensity rain
2025-11-01 06:15,Kyloe in the Woods,55.640112,-1.925272,3.16,moderate rain
2025-11-01 06:15,Shaftoe,55.128679,-1.921551,0.32,light rain
2025-11-01 06:15,Hepburn,55.516013,-1.884369,0.65,light rain
2025-11-01 06:15,Dumbarton Rock,55.937046,-4.56476,0.0,overcast clouds
2025-11-01 09:10,Bowden Doors,55.585973,-1.888672,0.0,overcast clouds
2025-11-01 09:10,Kyloe in the Woods,55.640112,-1.925272,0.0,overcast clouds
2025-11-01 09:10,Shaftoe,55.128679,-1.921551,0.0,few clouds
2025-11-01 09:10,Hepburn,55.516013,-1.884369,0.0,overcast clouds
2025-11-01 09:10,Dumbarton Rock,55.937046,-4.56476,2.27,moderate rain
2025-11-01 12:19,Bowden Doors,55.585973,-1.888672,0,overcast clouds
2025-11-01 12:19,Kyloe in the Woods,55.640112,-1.925272,0,overcast clouds
2025-11-01 12:19,Shaftoe,55.128679,-1.921551,0,few clouds
2025-11-01 12:19,Hepburn,55.516013,-1.884369,0,overcast clouds
2025-11-01 12:19,Dumbarton Rock,55.937046,-4.56476,0,scattered clouds
2025-11-01 15:09,Bowden Doors,55.585973,-1.888672,0.0,scattered clouds
2025-11-01 15:09,Kyloe in the Woods,55.640112,-1.925272,0.0,scattered clouds
2025-11-01 15:09,Shaftoe,55.128679,-1.921551,0.0,few clouds
2025-11-01 15:09,Hepburn,55.516013,-1.884369,0.0,scattered clouds
2025-11-01 15:09,Dumbarton Rock,55.937046,-4.56476,3.16,moderate rain
2025-11-01 18:14,Bowden Doors,55.585973,-1.888672,0,broken clouds
2025-11-01 18:14,Kyloe in the Woods,55.640112,-1.925272,0,broken clouds
2025-11-01 18:14,Shaftoe,55.128679,-1.921551,0,clear sky
2025-11-01 18:14,Hepburn,55.516013,-1.884369,0,broken clouds
2025-11-01 18:14,Dumbarton Rock,55.937046,-4.56476,0,few clouds
2025-11-01 21:08,Bowden Doors,55.585973,-1.888672,0,clear sky
2025-11-01 21:08,Kyloe in the Woods,55.640112,-1.925272,0,clear sky
2025-11-01 21:08,Shaftoe,55.128679,-1.921551,0,clear sky
2025-11-01 21:08,Hepburn,55.516013,-1.884369,0,few clouds
2025-11-01 21:08,Dumbarton Rock,55.937046,-4.56476,0,scattered clouds
2025-11-02 00:57,Bowden Doors,55.585973,-1.888672,0,overcast clouds
2025-11-02 00:57,Kyloe in the Woods,55.640112,-1.925272,0,overcast clouds
2025-11-02 00:57,Shaftoe,55.128679,-1.921551,0,clear sky
2025-11-02 00:57,Hepburn,55.516013,-1.884369,0,overcast clouds
2025-11-02 00:57,Dumbarton Rock,55.937046,-4.56476,0,broken clouds
2025-11-02 03:40,Bowden Doors,55.585973,-1.888672,0.0,overcast clouds
2025-11-02 03:40,Kyloe in the Woods,55.640112,-1.925272,2.66,moderate rain
2025-11-02 03:40,Shaftoe,55.128679,-1.921551,0.66,light rain
2025-11-02 03:40,Hepburn,55.516013,-1.884369,0.0,overcast clouds
2025-11-02 03:40,Dumbarton Rock,55.937046,-4.56476,0.0,broken clouds
2025-11-02 06:16,Bowden Doors,55.585973,-1.888672,0,overcast clouds
2025-11-02 06:16,Kyloe in the Woods,55.640112,-1.925272,0,overcast clouds
2025-11-02 06:16,Shaftoe,55.128679,-1.921551,0,few clouds
2025-11-02 06:16,Hepburn,55.516013,-1.884369,0,overcast clouds
2025-11-02 06:16,Dumbarton Rock,55.937046,-4.56476,0,broken clouds
2025-11-02 09:10,Bowden Doors,55.585973,-1.888672,0,broken clouds
2025-11-02 09:10,Kyloe in the Woods,55.640112,-1.925272,0,broken clouds
2025-11-02 09:10,Shaftoe,55.128679,-1.921551,0,few clouds
2025-11-02 09:10,Hepburn,55.516013,-1.884369,0,broken clouds
2025-11-02 09:10,Dumbarton Rock,55.937046,-4.56476,0,broken clouds
2025-11-02 12:18,Bowden Doors,55.585973,-1.888672,0,broken clouds
2025-11-02 12:18,Kyloe in the Woods,55.640112,-1.925272,0,broken clouds
2025-11-02 12:18,Shaftoe,55.128679,-1.921551,0,few clouds
2025-11-02 12:18,Hepburn,55.516013,-1.884369,0,broken clouds
2025-11-02 12:18,Dumbarton Rock,55.937046,-4.56476,0,overcast clouds
2025-11-02 15:09,Bowden Doors,55.585973,-1.888672,0.0,broken clouds
2025-11-02 15:09,Kyloe in the Woods,55.640112,-1.925272,0.0,broken clouds
2025-11-02 15:09,Shaftoe,55.128679,-1.921551,0.0,few clouds
2025-11-02 15:09,Hepburn,55.516013,-1.884369,0.0,broken clouds
2025-11-02 15:09,Dumbarton Rock,55.937046,-4.56476,5.62,heavy intensity rain
2025-11-02 18:13,Bowden Doors,55.585973,-1.888672,0.0,broken clouds
2025-11-02 18:13,Kyloe in the Woods,55.640112,-1.925272,0.0,broken clouds
2025-11-02 18:13,Shaftoe,55.128679,-1.921551,0.0,clear sky
2025-11-02 18:13,Hepburn,55.516013,-1.884369,0.0,broken clouds
2025-11-02 18:13,Dumbarton Rock,55.937046,-4.56476,0.85,light rain
2025-11-02 21:08,Bowden Doors,55.585973,-1.888672,0.0,overcast clouds
2025-11-02 21:08,Kyloe in the Woods,55.640112,-1.925272,0.0,overcast clouds
2025-11-02 21:08,Shaftoe,55.128679,-1.921551,0.0,clear sky
2025-11-02 21:08,Hepburn,55.516013,-1.884369,0.0,overcast clouds
2025-11-02 21:08,Dumbarton Rock,55.937046,-4.56476,0.41,light rain
2025-11-03 00:56,Bowden Doors,55.585973,-1.888672,0.45,light rain
2025-11-03 00:56,Kyloe in the Woods,55.640112,-1.925272,0.69,light rain
2025-11-03 00:56,Shaftoe,55.128679,-1.921551,0.0,broken clouds
2025-11-03 00:56,Hepburn,55.516013,-1.884369,0.0,overcast clouds
2025-11-03 00:56,Dumbarton Rock,55.937046,-4.56476,0.0,light intensity drizzle
2025-11-03 03:44,Bowden Doors,55.585973,-1.888672,2.73,moderate rain
2025-11-03 03:44,Kyloe in the Woods,55.640112,-1.925272,3.65,moderate rain
2025-11-03 03:44,Shaftoe,55.128679,-1.921551,3.16,moderate rain
2025-11-03 03:44,Hepburn,55.516013,-1.884369,3.65,moderate rain
2025-11-03 03:44,Dumbarton Rock,55.937046,-4.56476,2.37,moderate rain
